USE `mydb`;

SET FOREIGN_KEY_CHECKS = 0;
TRUNCATE TABLE `enemy_army`;
TRUNCATE TABLE `planet_battle_army`;
TRUNCATE TABLE `planet_battle_defense`;
TRUNCATE TABLE `battle_log`;
TRUNCATE TABLE `battle_stats`;
TRUNCATE TABLE `planet_stats`;
SET FOREIGN_KEY_CHECKS = 1;

-- 1) planet_stats (15 planetas)
INSERT INTO `planet_stats` (planet_id, resource_metal_amount, resource_deuterion_amount, technology_defense_level, technology_attack_level, battles_counter, missile_launcher_remaining, ion_cannon_remaining, plasma_canon_remaining, light_hunter_remaining, heavy_hunter_remaining, battleship_remaining, armored_ship_remaining) VALUES
  (1, 13047, 9135, 5, 4, 20, 9, 14, 10, 21, 22, 10, 1),
  (2, 6394, 9448, 1, 1, 20, 17, 3, 2, 27, 18, 6, 3),
  (3, 7467, 5201, 3, 5, 20, 19, 8, 10, 21, 30, 10, 3),
  (4, 5323, 6346, 5, 5, 20, 19, 5, 3, 39, 29, 8, 2),
  (5, 12481, 8451, 4, 2, 20, 20, 15, 3, 40, 10, 3, 3),
  (6, 11089, 4955, 3, 1, 20, 16, 7, 8, 13, 27, 5, 2),
  (7, 14911, 5664, 4, 6, 20, 24, 10, 8, 20, 18, 9, 1),
  (8, 14936, 7004, 3, 1, 20, 12, 12, 4, 27, 10, 10, 5),
  (9, 8187, 4486, 6, 6, 20, 11, 12, 10, 16, 13, 3, 5),
  (10, 8101, 4796, 5, 5, 20, 28, 9, 7, 38, 23, 9, 1),
  (11, 5303, 9168, 4, 6, 20, 24, 14, 6, 21, 34, 2, 3),
  (12, 8005, 3046, 2, 2, 20, 19, 13, 9, 12, 29, 9, 1),
  (13, 8968, 7327, 4, 6, 20, 17, 6, 5, 19, 16, 5, 3),
  (14, 10517, 4842, 2, 6, 20, 30, 4, 7, 37, 30, 6, 5),
  (15, 14354, 8174, 5, 1, 20, 16, 7, 8, 30, 33, 9, 2);

-- 2) Battle_stats
INSERT INTO `battle_stats` (planet_id, num_battle, resource_metal_acquired, resource_deuterion_acquired, planet_stats_planet_id) VALUES
  (1, 1, 154, 169, '1'),
  (1, 2, 197, 140, '1'),
  (1, 3, 292, 84, '1'),
  (1, 4, 197, 63, '1'),
  (1, 5, 93, 126, '1'),
  (1, 6, 76, 164, '1'),
  (1, 7, 233, 156, '1'),
  (1, 8, 286, 172, '1'),
  (1, 9, 198, 147, '1'),
  (1, 10, 93, 133, '1'),
  (1, 11, 51, 92, '1'),
  (1, 12, 276, 34, '1'),
  (1, 13, 52, 128, '1'),
  (1, 14, 262, 134, '1'),
  (1, 15, 167, 112, '1'),
  (1, 16, 87, 65, '1'),
  (1, 17, 158, 105, '1'),
  (1, 18, 56, 93, '1'),
  (1, 19, 255, 176, '1'),
  (1, 20, 90, 132, '1'),
  (2, 1, 229, 75, '2'),
  (2, 2, 84, 173, '2'),
  (2, 3, 146, 169, '2'),
  (2, 4, 108, 123, '2'),
  (2, 5, 291, 178, '2'),
  (2, 6, 106, 122, '2'),
  (2, 7, 247, 170, '2'),
  (2, 8, 161, 123, '2'),
  (2, 9, 299, 179, '2'),
  (2, 10, 101, 61, '2'),
  (2, 11, 160, 165, '2'),
  (2, 12, 105, 157, '2'),
  (2, 13, 59, 118, '2'),
  (2, 14, 78, 66, '2'),
  (2, 15, 119, 188, '2'),
  (2, 16, 299, 109, '2'),
  (2, 17, 270, 87, '2'),
  (2, 18, 131, 56, '2'),
  (2, 19, 135, 67, '2'),
  (2, 20, 267, 89, '2'),
  (3, 1, 206, 180, '3'),
  (3, 2, 76, 92, '3'),
  (3, 3, 143, 186, '3'),
  (3, 4, 207, 157, '3'),
  (3, 5, 197, 78, '3'),
  (3, 6, 102, 104, '3'),
  (3, 7, 103, 65, '3'),
  (3, 8, 167, 107, '3'),
  (3, 9, 66, 59, '3'),
  (3, 10, 140, 79, '3'),
  (3, 11, 123, 83, '3'),
  (3, 12, 295, 182, '3'),
  (3, 13, 230, 51, '3'),
  (3, 14, 196, 163, '3'),
  (3, 15, 159, 200, '3'),
  (3, 16, 253, 157, '3'),
  (3, 17, 178, 39, '3'),
  (3, 18, 151, 74, '3'),
  (3, 19, 193, 95, '3'),
  (3, 20, 213, 124, '3'),
  (4, 1, 95, 59, '4'),
  (4, 2, 182, 144, '4'),
  (4, 3, 108, 82, '4'),
  (4, 4, 262, 73, '4'),
  (4, 5, 205, 103, '4'),
  (4, 6, 170, 124, '4'),
  (4, 7, 123, 116, '4'),
  (4, 8, 237, 145, '4'),
  (4, 9, 150, 190, '4'),
  (4, 10, 197, 162, '4'),
  (4, 11, 288, 64, '4'),
  (4, 12, 185, 73, '4'),
  (4, 13, 76, 97, '4'),
  (4, 14, 91, 98, '4'),
  (4, 15, 196, 58, '4'),
  (4, 16, 110, 100, '4'),
  (4, 17, 146, 77, '4'),
  (4, 18, 156, 190, '4'),
  (4, 19, 160, 66, '4'),
  (4, 20, 217, 66, '4'),
  (5, 1, 266, 52, '5'),
  (5, 2, 270, 178, '5'),
  (5, 3, 166, 178, '5'),
  (5, 4, 156, 136, '5'),
  (5, 5, 270, 101, '5'),
  (5, 6, 166, 135, '5'),
  (5, 7, 160, 30, '5'),
  (5, 8, 279, 188, '5'),
  (5, 9, 280, 76, '5'),
  (5, 10, 52, 79, '5'),
  (5, 11, 276, 96, '5'),
  (5, 12, 159, 138, '5'),
  (5, 13, 289, 137, '5'),
  (5, 14, 294, 91, '5'),
  (5, 15, 274, 46, '5'),
  (5, 16, 58, 90, '5'),
  (5, 17, 236, 72, '5'),
  (5, 18, 264, 107, '5'),
  (5, 19, 138, 76, '5'),
  (5, 20, 174, 63, '5'),
  (6, 1, 208, 199, '6'),
  (6, 2, 225, 88, '6'),
  (6, 3, 219, 159, '6'),
  (6, 4, 278, 125, '6'),
  (6, 5, 164, 36, '6'),
  (6, 6, 223, 188, '6'),
  (6, 7, 182, 72, '6'),
  (6, 8, 88, 87, '6'),
  (6, 9, 220, 181, '6'),
  (6, 10, 201, 181, '6'),
  (6, 11, 131, 157, '6'),
  (6, 12, 279, 119, '6'),
  (6, 13, 67, 186, '6'),
  (6, 14, 213, 48, '6'),
  (6, 15, 242, 111, '6'),
  (6, 16, 62, 47, '6'),
  (6, 17, 262, 188, '6'),
  (6, 18, 240, 160, '6'),
  (6, 19, 246, 66, '6'),
  (6, 20, 87, 151, '6'),
  (7, 1, 289, 69, '7'),
  (7, 2, 267, 74, '7'),
  (7, 3, 299, 56, '7'),
  (7, 4, 80, 90, '7'),
  (7, 5, 190, 41, '7'),
  (7, 6, 241, 75, '7'),
  (7, 7, 225, 80, '7'),
  (7, 8, 287, 168, '7'),
  (7, 9, 219, 194, '7'),
  (7, 10, 86, 113, '7'),
  (7, 11, 71, 117, '7'),
  (7, 12, 52, 90, '7'),
  (7, 13, 209, 111, '7'),
  (7, 14, 259, 49, '7'),
  (7, 15, 177, 36, '7'),
  (7, 16, 106, 86, '7'),
  (7, 17, 166, 158, '7'),
  (7, 18, 117, 122, '7'),
  (7, 19, 276, 46, '7'),
  (7, 20, 193, 126, '7'),
  (8, 1, 191, 50, '8'),
  (8, 2, 296, 198, '8'),
  (8, 3, 176, 58, '8'),
  (8, 4, 194, 156, '8'),
  (8, 5, 76, 165, '8'),
  (8, 6, 217, 76, '8'),
  (8, 7, 268, 168, '8'),
  (8, 8, 288, 171, '8'),
  (8, 9, 266, 102, '8'),
  (8, 10, 58, 49, '8'),
  (8, 11, 178, 47, '8'),
  (8, 12, 183, 102, '8'),
  (8, 13, 88, 73, '8'),
  (8, 14, 221, 65, '8'),
  (8, 15, 162, 188, '8'),
  (8, 16, 273, 146, '8'),
  (8, 17, 90, 176, '8'),
  (8, 18, 275, 51, '8'),
  (8, 19, 235, 77, '8'),
  (8, 20, 203, 149, '8'),
  (9, 1, 280, 154, '9'),
  (9, 2, 97, 125, '9'),
  (9, 3, 173, 37, '9'),
  (9, 4, 127, 132, '9'),
  (9, 5, 271, 63, '9'),
  (9, 6, 173, 112, '9'),
  (9, 7, 213, 85, '9'),
  (9, 8, 146, 141, '9'),
  (9, 9, 104, 144, '9'),
  (9, 10, 137, 143, '9'),
  (9, 11, 221, 173, '9'),
  (9, 12, 248, 110, '9'),
  (9, 13, 193, 51, '9'),
  (9, 14, 138, 136, '9'),
  (9, 15, 186, 50, '9'),
  (9, 16, 79, 56, '9'),
  (9, 17, 123, 78, '9'),
  (9, 18, 275, 113, '9'),
  (9, 19, 137, 180, '9'),
  (9, 20, 154, 109, '9'),
  (10, 1, 59, 43, '10'),
  (10, 2, 297, 170, '10'),
  (10, 3, 223, 135, '10'),
  (10, 4, 285, 163, '10'),
  (10, 5, 187, 119, '10'),
  (10, 6, 190, 160, '10'),
  (10, 7, 250, 109, '10'),
  (10, 8, 132, 153, '10'),
  (10, 9, 154, 52, '10'),
  (10, 10, 295, 46, '10'),
  (10, 11, 195, 54, '10'),
  (10, 12, 289, 53, '10'),
  (10, 13, 274, 176, '10'),
  (10, 14, 263, 159, '10'),
  (10, 15, 161, 160, '10'),
  (10, 16, 125, 185, '10'),
  (10, 17, 274, 103, '10'),
  (10, 18, 52, 127, '10'),
  (10, 19, 175, 182, '10'),
  (10, 20, 126, 199, '10'),
  (11, 1, 272, 161, '11'),
  (11, 2, 161, 160, '11'),
  (11, 3, 279, 82, '11'),
  (11, 4, 118, 80, '11'),
  (11, 5, 245, 148, '11'),
  (11, 6, 98, 149, '11'),
  (11, 7, 180, 74, '11'),
  (11, 8, 54, 101, '11'),
  (11, 9, 136, 171, '11'),
  (11, 10, 117, 164, '11'),
  (11, 11, 62, 49, '11'),
  (11, 12, 282, 90, '11'),
  (11, 13, 294, 57, '11'),
  (11, 14, 71, 102, '11'),
  (11, 15, 114, 184, '11'),
  (11, 16, 82, 35, '11'),
  (11, 17, 257, 76, '11'),
  (11, 18, 256, 126, '11'),
  (11, 19, 283, 197, '11'),
  (11, 20, 226, 128, '11'),
  (12, 1, 121, 165, '12'),
  (12, 2, 99, 49, '12'),
  (12, 3, 100, 165, '12'),
  (12, 4, 126, 137, '12'),
  (12, 5, 183, 43, '12'),
  (12, 6, 253, 174, '12'),
  (12, 7, 180, 137, '12'),
  (12, 8, 257, 161, '12'),
  (12, 9, 222, 84, '12'),
  (12, 10, 229, 91, '12'),
  (12, 11, 131, 131, '12'),
  (12, 12, 111, 94, '12'),
  (12, 13, 242, 32, '12'),
  (12, 14, 150, 197, '12'),
  (12, 15, 174, 96, '12'),
  (12, 16, 206, 149, '12'),
  (12, 17, 60, 194, '12'),
  (12, 18, 55, 79, '12'),
  (12, 19, 143, 41, '12'),
  (12, 20, 65, 50, '12'),
  (13, 1, 222, 41, '13'),
  (13, 2, 118, 79, '13'),
  (13, 3, 99, 31, '13'),
  (13, 4, 207, 47, '13'),
  (13, 5, 269, 33, '13'),
  (13, 6, 57, 86, '13'),
  (13, 7, 148, 178, '13'),
  (13, 8, 121, 32, '13'),
  (13, 9, 151, 162, '13'),
  (13, 10, 267, 194, '13'),
  (13, 11, 81, 153, '13'),
  (13, 12, 252, 112, '13'),
  (13, 13, 219, 47, '13'),
  (13, 14, 248, 170, '13'),
  (13, 15, 119, 130, '13'),
  (13, 16, 241, 82, '13'),
  (13, 17, 67, 162, '13'),
  (13, 18, 172, 43, '13'),
  (13, 19, 154, 122, '13'),
  (13, 20, 114, 194, '13'),
  (14, 1, 300, 161, '14'),
  (14, 2, 239, 188, '14'),
  (14, 3, 235, 86, '14'),
  (14, 4, 108, 74, '14'),
  (14, 5, 99, 196, '14'),
  (14, 6, 277, 57, '14'),
  (14, 7, 144, 107, '14'),
  (14, 8, 155, 188, '14'),
  (14, 9, 59, 122, '14'),
  (14, 10, 142, 104, '14'),
  (14, 11, 89, 99, '14'),
  (14, 12, 129, 190, '14'),
  (14, 13, 230, 138, '14'),
  (14, 14, 83, 128, '14'),
  (14, 15, 175, 49, '14'),
  (14, 16, 274, 73, '14'),
  (14, 17, 249, 182, '14'),
  (14, 18, 172, 145, '14'),
  (14, 19, 290, 97, '14'),
  (14, 20, 286, 196, '14'),
  (15, 1, 125, 169, '15'),
  (15, 2, 64, 104, '15'),
  (15, 3, 210, 116, '15'),
  (15, 4, 52, 77, '15'),
  (15, 5, 106, 112, '15'),
  (15, 6, 239, 146, '15'),
  (15, 7, 57, 184, '15'),
  (15, 8, 243, 145, '15'),
  (15, 9, 152, 136, '15'),
  (15, 10, 252, 192, '15'),
  (15, 11, 93, 177, '15'),
  (15, 12, 292, 129, '15'),
  (15, 13, 69, 176, '15'),
  (15, 14, 63, 124, '15'),
  (15, 15, 117, 149, '15'),
  (15, 16, 82, 184, '15'),
  (15, 17, 73, 152, '15'),
  (15, 18, 226, 162, '15'),
  (15, 19, 225, 198, '15'),
  (15, 20, 167, 145, '15');

-- 3) Battle_log
INSERT INTO `battle_log` (planet_id, num_battle, num_line, log_entry) VALUES
  (1, 1, 1, 'Evento 1 batalla 1 planeta 1'),
  (1, 1, 2, 'Evento 2 batalla 1 planeta 1'),
  (1, 1, 3, 'Evento 3 batalla 1 planeta 1'),
  (1, 1, 4, 'Evento 4 batalla 1 planeta 1'),
  (1, 1, 5, 'Evento 5 batalla 1 planeta 1'),
  (1, 2, 1, 'Evento 1 batalla 2 planeta 1'),
  (1, 2, 2, 'Evento 2 batalla 2 planeta 1'),
  (1, 2, 3, 'Evento 3 batalla 2 planeta 1'),
  (1, 2, 4, 'Evento 4 batalla 2 planeta 1'),
  (1, 2, 5, 'Evento 5 batalla 2 planeta 1'),
  (1, 3, 1, 'Evento 1 batalla 3 planeta 1'),
  (1, 3, 2, 'Evento 2 batalla 3 planeta 1'),
  (1, 3, 3, 'Evento 3 batalla 3 planeta 1'),
  (1, 3, 4, 'Evento 4 batalla 3 planeta 1'),
  (1, 3, 5, 'Evento 5 batalla 3 planeta 1'),
  (1, 4, 1, 'Evento 1 batalla 4 planeta 1'),
  (1, 4, 2, 'Evento 2 batalla 4 planeta 1'),
  (1, 4, 3, 'Evento 3 batalla 4 planeta 1'),
  (1, 4, 4, 'Evento 4 batalla 4 planeta 1'),
  (1, 4, 5, 'Evento 5 batalla 4 planeta 1'),
  (1, 5, 1, 'Evento 1 batalla 5 planeta 1'),
  (1, 5, 2, 'Evento 2 batalla 5 planeta 1'),
  (1, 5, 3, 'Evento 3 batalla 5 planeta 1'),
  (1, 5, 4, 'Evento 4 batalla 5 planeta 1'),
  (1, 5, 5, 'Evento 5 batalla 5 planeta 1'),
  (1, 6, 1, 'Evento 1 batalla 6 planeta 1'),
  (1, 6, 2, 'Evento 2 batalla 6 planeta 1'),
  (1, 6, 3, 'Evento 3 batalla 6 planeta 1'),
  (1, 6, 4, 'Evento 4 batalla 6 planeta 1'),
  (1, 6, 5, 'Evento 5 batalla 6 planeta 1'),
  (1, 7, 1, 'Evento 1 batalla 7 planeta 1'),
  (1, 7, 2, 'Evento 2 batalla 7 planeta 1'),
  (1, 7, 3, 'Evento 3 batalla 7 planeta 1'),
  (1, 7, 4, 'Evento 4 batalla 7 planeta 1'),
  (1, 7, 5, 'Evento 5 batalla 7 planeta 1'),
  (1, 8, 1, 'Evento 1 batalla 8 planeta 1'),
  (1, 8, 2, 'Evento 2 batalla 8 planeta 1'),
  (1, 8, 3, 'Evento 3 batalla 8 planeta 1'),
  (1, 8, 4, 'Evento 4 batalla 8 planeta 1'),
  (1, 8, 5, 'Evento 5 batalla 8 planeta 1'),
  (1, 9, 1, 'Evento 1 batalla 9 planeta 1'),
  (1, 9, 2, 'Evento 2 batalla 9 planeta 1'),
  (1, 9, 3, 'Evento 3 batalla 9 planeta 1'),
  (1, 9, 4, 'Evento 4 batalla 9 planeta 1'),
  (1, 9, 5, 'Evento 5 batalla 9 planeta 1'),
  (1, 10, 1, 'Evento 1 batalla 10 planeta 1'),
  (1, 10, 2, 'Evento 2 batalla 10 planeta 1'),
  (1, 10, 3, 'Evento 3 batalla 10 planeta 1'),
  (1, 10, 4, 'Evento 4 batalla 10 planeta 1'),
  (1, 10, 5, 'Evento 5 batalla 10 planeta 1'),
  (1, 11, 1, 'Evento 1 batalla 11 planeta 1'),
  (1, 11, 2, 'Evento 2 batalla 11 planeta 1'),
  (1, 11, 3, 'Evento 3 batalla 11 planeta 1'),
  (1, 11, 4, 'Evento 4 batalla 11 planeta 1'),
  (1, 11, 5, 'Evento 5 batalla 11 planeta 1'),
  (1, 12, 1, 'Evento 1 batalla 12 planeta 1'),
  (1, 12, 2, 'Evento 2 batalla 12 planeta 1'),
  (1, 12, 3, 'Evento 3 batalla 12 planeta 1'),
  (1, 12, 4, 'Evento 4 batalla 12 planeta 1'),
  (1, 12, 5, 'Evento 5 batalla 12 planeta 1'),
  (1, 13, 1, 'Evento 1 batalla 13 planeta 1'),
  (1, 13, 2, 'Evento 2 batalla 13 planeta 1'),
  (1, 13, 3, 'Evento 3 batalla 13 planeta 1'),
  (1, 13, 4, 'Evento 4 batalla 13 planeta 1'),
  (1, 13, 5, 'Evento 5 batalla 13 planeta 1'),
  (1, 14, 1, 'Evento 1 batalla 14 planeta 1'),
  (1, 14, 2, 'Evento 2 batalla 14 planeta 1'),
  (1, 14, 3, 'Evento 3 batalla 14 planeta 1'),
  (1, 14, 4, 'Evento 4 batalla 14 planeta 1'),
  (1, 14, 5, 'Evento 5 batalla 14 planeta 1'),
  (1, 15, 1, 'Evento 1 batalla 15 planeta 1'),
  (1, 15, 2, 'Evento 2 batalla 15 planeta 1'),
  (1, 15, 3, 'Evento 3 batalla 15 planeta 1'),
  (1, 15, 4, 'Evento 4 batalla 15 planeta 1'),
  (1, 15, 5, 'Evento 5 batalla 15 planeta 1'),
  (1, 16, 1, 'Evento 1 batalla 16 planeta 1'),
  (1, 16, 2, 'Evento 2 batalla 16 planeta 1'),
  (1, 16, 3, 'Evento 3 batalla 16 planeta 1'),
  (1, 16, 4, 'Evento 4 batalla 16 planeta 1'),
  (1, 16, 5, 'Evento 5 batalla 16 planeta 1'),
  (1, 17, 1, 'Evento 1 batalla 17 planeta 1'),
  (1, 17, 2, 'Evento 2 batalla 17 planeta 1'),
  (1, 17, 3, 'Evento 3 batalla 17 planeta 1'),
  (1, 17, 4, 'Evento 4 batalla 17 planeta 1'),
  (1, 17, 5, 'Evento 5 batalla 17 planeta 1'),
  (1, 18, 1, 'Evento 1 batalla 18 planeta 1'),
  (1, 18, 2, 'Evento 2 batalla 18 planeta 1'),
  (1, 18, 3, 'Evento 3 batalla 18 planeta 1'),
  (1, 18, 4, 'Evento 4 batalla 18 planeta 1'),
  (1, 18, 5, 'Evento 5 batalla 18 planeta 1'),
  (1, 19, 1, 'Evento 1 batalla 19 planeta 1'),
  (1, 19, 2, 'Evento 2 batalla 19 planeta 1'),
  (1, 19, 3, 'Evento 3 batalla 19 planeta 1'),
  (1, 19, 4, 'Evento 4 batalla 19 planeta 1'),
  (1, 19, 5, 'Evento 5 batalla 19 planeta 1'),
  (1, 20, 1, 'Evento 1 batalla 20 planeta 1'),
  (1, 20, 2, 'Evento 2 batalla 20 planeta 1'),
  (1, 20, 3, 'Evento 3 batalla 20 planeta 1'),
  (1, 20, 4, 'Evento 4 batalla 20 planeta 1'),
  (1, 20, 5, 'Evento 5 batalla 20 planeta 1'),
  (2, 1, 1, 'Evento 1 batalla 1 planeta 2'),
  (2, 1, 2, 'Evento 2 batalla 1 planeta 2'),
  (2, 1, 3, 'Evento 3 batalla 1 planeta 2'),
  (2, 1, 4, 'Evento 4 batalla 1 planeta 2'),
  (2, 1, 5, 'Evento 5 batalla 1 planeta 2'),
  (2, 2, 1, 'Evento 1 batalla 2 planeta 2'),
  (2, 2, 2, 'Evento 2 batalla 2 planeta 2'),
  (2, 2, 3, 'Evento 3 batalla 2 planeta 2'),
  (2, 2, 4, 'Evento 4 batalla 2 planeta 2'),
  (2, 2, 5, 'Evento 5 batalla 2 planeta 2'),
  (2, 3, 1, 'Evento 1 batalla 3 planeta 2'),
  (2, 3, 2, 'Evento 2 batalla 3 planeta 2'),
  (2, 3, 3, 'Evento 3 batalla 3 planeta 2'),
  (2, 3, 4, 'Evento 4 batalla 3 planeta 2'),
  (2, 3, 5, 'Evento 5 batalla 3 planeta 2'),
  (2, 4, 1, 'Evento 1 batalla 4 planeta 2'),
  (2, 4, 2, 'Evento 2 batalla 4 planeta 2'),
  (2, 4, 3, 'Evento 3 batalla 4 planeta 2'),
  (2, 4, 4, 'Evento 4 batalla 4 planeta 2'),
  (2, 4, 5, 'Evento 5 batalla 4 planeta 2'),
  (2, 5, 1, 'Evento 1 batalla 5 planeta 2'),
  (2, 5, 2, 'Evento 2 batalla 5 planeta 2'),
  (2, 5, 3, 'Evento 3 batalla 5 planeta 2'),
  (2, 5, 4, 'Evento 4 batalla 5 planeta 2'),
  (2, 5, 5, 'Evento 5 batalla 5 planeta 2'),
  (2, 6, 1, 'Evento 1 batalla 6 planeta 2'),
  (2, 6, 2, 'Evento 2 batalla 6 planeta 2'),
  (2, 6, 3, 'Evento 3 batalla 6 planeta 2'),
  (2, 6, 4, 'Evento 4 batalla 6 planeta 2'),
  (2, 6, 5, 'Evento 5 batalla 6 planeta 2'),
  (2, 7, 1, 'Evento 1 batalla 7 planeta 2'),
  (2, 7, 2, 'Evento 2 batalla 7 planeta 2'),
  (2, 7, 3, 'Evento 3 batalla 7 planeta 2'),
  (2, 7, 4, 'Evento 4 batalla 7 planeta 2'),
  (2, 7, 5, 'Evento 5 batalla 7 planeta 2'),
  (2, 8, 1, 'Evento 1 batalla 8 planeta 2'),
  (2, 8, 2, 'Evento 2 batalla 8 planeta 2'),
  (2, 8, 3, 'Evento 3 batalla 8 planeta 2'),
  (2, 8, 4, 'Evento 4 batalla 8 planeta 2'),
  (2, 8, 5, 'Evento 5 batalla 8 planeta 2'),
  (2, 9, 1, 'Evento 1 batalla 9 planeta 2'),
  (2, 9, 2, 'Evento 2 batalla 9 planeta 2'),
  (2, 9, 3, 'Evento 3 batalla 9 planeta 2'),
  (2, 9, 4, 'Evento 4 batalla 9 planeta 2'),
  (2, 9, 5, 'Evento 5 batalla 9 planeta 2'),
  (2, 10, 1, 'Evento 1 batalla 10 planeta 2'),
  (2, 10, 2, 'Evento 2 batalla 10 planeta 2'),
  (2, 10, 3, 'Evento 3 batalla 10 planeta 2'),
  (2, 10, 4, 'Evento 4 batalla 10 planeta 2'),
  (2, 10, 5, 'Evento 5 batalla 10 planeta 2'),
  (2, 11, 1, 'Evento 1 batalla 11 planeta 2'),
  (2, 11, 2, 'Evento 2 batalla 11 planeta 2'),
  (2, 11, 3, 'Evento 3 batalla 11 planeta 2'),
  (2, 11, 4, 'Evento 4 batalla 11 planeta 2'),
  (2, 11, 5, 'Evento 5 batalla 11 planeta 2'),
  (2, 12, 1, 'Evento 1 batalla 12 planeta 2'),
  (2, 12, 2, 'Evento 2 batalla 12 planeta 2'),
  (2, 12, 3, 'Evento 3 batalla 12 planeta 2'),
  (2, 12, 4, 'Evento 4 batalla 12 planeta 2'),
  (2, 12, 5, 'Evento 5 batalla 12 planeta 2'),
  (2, 13, 1, 'Evento 1 batalla 13 planeta 2'),
  (2, 13, 2, 'Evento 2 batalla 13 planeta 2'),
  (2, 13, 3, 'Evento 3 batalla 13 planeta 2'),
  (2, 13, 4, 'Evento 4 batalla 13 planeta 2'),
  (2, 13, 5, 'Evento 5 batalla 13 planeta 2'),
  (2, 14, 1, 'Evento 1 batalla 14 planeta 2'),
  (2, 14, 2, 'Evento 2 batalla 14 planeta 2'),
  (2, 14, 3, 'Evento 3 batalla 14 planeta 2'),
  (2, 14, 4, 'Evento 4 batalla 14 planeta 2'),
  (2, 14, 5, 'Evento 5 batalla 14 planeta 2'),
  (2, 15, 1, 'Evento 1 batalla 15 planeta 2'),
  (2, 15, 2, 'Evento 2 batalla 15 planeta 2'),
  (2, 15, 3, 'Evento 3 batalla 15 planeta 2'),
  (2, 15, 4, 'Evento 4 batalla 15 planeta 2'),
  (2, 15, 5, 'Evento 5 batalla 15 planeta 2'),
  (2, 16, 1, 'Evento 1 batalla 16 planeta 2'),
  (2, 16, 2, 'Evento 2 batalla 16 planeta 2'),
  (2, 16, 3, 'Evento 3 batalla 16 planeta 2'),
  (2, 16, 4, 'Evento 4 batalla 16 planeta 2'),
  (2, 16, 5, 'Evento 5 batalla 16 planeta 2'),
  (2, 17, 1, 'Evento 1 batalla 17 planeta 2'),
  (2, 17, 2, 'Evento 2 batalla 17 planeta 2'),
  (2, 17, 3, 'Evento 3 batalla 17 planeta 2'),
  (2, 17, 4, 'Evento 4 batalla 17 planeta 2'),
  (2, 17, 5, 'Evento 5 batalla 17 planeta 2'),
  (2, 18, 1, 'Evento 1 batalla 18 planeta 2'),
  (2, 18, 2, 'Evento 2 batalla 18 planeta 2'),
  (2, 18, 3, 'Evento 3 batalla 18 planeta 2'),
  (2, 18, 4, 'Evento 4 batalla 18 planeta 2'),
  (2, 18, 5, 'Evento 5 batalla 18 planeta 2'),
  (2, 19, 1, 'Evento 1 batalla 19 planeta 2'),
  (2, 19, 2, 'Evento 2 batalla 19 planeta 2'),
  (2, 19, 3, 'Evento 3 batalla 19 planeta 2'),
  (2, 19, 4, 'Evento 4 batalla 19 planeta 2'),
  (2, 19, 5, 'Evento 5 batalla 19 planeta 2'),
  (2, 20, 1, 'Evento 1 batalla 20 planeta 2'),
  (2, 20, 2, 'Evento 2 batalla 20 planeta 2'),
  (2, 20, 3, 'Evento 3 batalla 20 planeta 2'),
  (2, 20, 4, 'Evento 4 batalla 20 planeta 2'),
  (2, 20, 5, 'Evento 5 batalla 20 planeta 2'),
  (3, 1, 1, 'Evento 1 batalla 1 planeta 3'),
  (3, 1, 2, 'Evento 2 batalla 1 planeta 3'),
  (3, 1, 3, 'Evento 3 batalla 1 planeta 3'),
  (3, 1, 4, 'Evento 4 batalla 1 planeta 3'),
  (3, 1, 5, 'Evento 5 batalla 1 planeta 3'),
  (3, 2, 1, 'Evento 1 batalla 2 planeta 3'),
  (3, 2, 2, 'Evento 2 batalla 2 planeta 3'),
  (3, 2, 3, 'Evento 3 batalla 2 planeta 3'),
  (3, 2, 4, 'Evento 4 batalla 2 planeta 3'),
  (3, 2, 5, 'Evento 5 batalla 2 planeta 3'),
  (3, 3, 1, 'Evento 1 batalla 3 planeta 3'),
  (3, 3, 2, 'Evento 2 batalla 3 planeta 3'),
  (3, 3, 3, 'Evento 3 batalla 3 planeta 3'),
  (3, 3, 4, 'Evento 4 batalla 3 planeta 3'),
  (3, 3, 5, 'Evento 5 batalla 3 planeta 3'),
  (3, 4, 1, 'Evento 1 batalla 4 planeta 3'),
  (3, 4, 2, 'Evento 2 batalla 4 planeta 3'),
  (3, 4, 3, 'Evento 3 batalla 4 planeta 3'),
  (3, 4, 4, 'Evento 4 batalla 4 planeta 3'),
  (3, 4, 5, 'Evento 5 batalla 4 planeta 3'),
  (3, 5, 1, 'Evento 1 batalla 5 planeta 3'),
  (3, 5, 2, 'Evento 2 batalla 5 planeta 3'),
  (3, 5, 3, 'Evento 3 batalla 5 planeta 3'),
  (3, 5, 4, 'Evento 4 batalla 5 planeta 3'),
  (3, 5, 5, 'Evento 5 batalla 5 planeta 3'),
  (3, 6, 1, 'Evento 1 batalla 6 planeta 3'),
  (3, 6, 2, 'Evento 2 batalla 6 planeta 3'),
  (3, 6, 3, 'Evento 3 batalla 6 planeta 3'),
  (3, 6, 4, 'Evento 4 batalla 6 planeta 3'),
  (3, 6, 5, 'Evento 5 batalla 6 planeta 3'),
  (3, 7, 1, 'Evento 1 batalla 7 planeta 3'),
  (3, 7, 2, 'Evento 2 batalla 7 planeta 3'),
  (3, 7, 3, 'Evento 3 batalla 7 planeta 3'),
  (3, 7, 4, 'Evento 4 batalla 7 planeta 3'),
  (3, 7, 5, 'Evento 5 batalla 7 planeta 3'),
  (3, 8, 1, 'Evento 1 batalla 8 planeta 3'),
  (3, 8, 2, 'Evento 2 batalla 8 planeta 3'),
  (3, 8, 3, 'Evento 3 batalla 8 planeta 3'),
  (3, 8, 4, 'Evento 4 batalla 8 planeta 3'),
  (3, 8, 5, 'Evento 5 batalla 8 planeta 3'),
  (3, 9, 1, 'Evento 1 batalla 9 planeta 3'),
  (3, 9, 2, 'Evento 2 batalla 9 planeta 3'),
  (3, 9, 3, 'Evento 3 batalla 9 planeta 3'),
  (3, 9, 4, 'Evento 4 batalla 9 planeta 3'),
  (3, 9, 5, 'Evento 5 batalla 9 planeta 3'),
  (3, 10, 1, 'Evento 1 batalla 10 planeta 3'),
  (3, 10, 2, 'Evento 2 batalla 10 planeta 3'),
  (3, 10, 3, 'Evento 3 batalla 10 planeta 3'),
  (3, 10, 4, 'Evento 4 batalla 10 planeta 3'),
  (3, 10, 5, 'Evento 5 batalla 10 planeta 3'),
  (3, 11, 1, 'Evento 1 batalla 11 planeta 3'),
  (3, 11, 2, 'Evento 2 batalla 11 planeta 3'),
  (3, 11, 3, 'Evento 3 batalla 11 planeta 3'),
  (3, 11, 4, 'Evento 4 batalla 11 planeta 3'),
  (3, 11, 5, 'Evento 5 batalla 11 planeta 3'),
  (3, 12, 1, 'Evento 1 batalla 12 planeta 3'),
  (3, 12, 2, 'Evento 2 batalla 12 planeta 3'),
  (3, 12, 3, 'Evento 3 batalla 12 planeta 3'),
  (3, 12, 4, 'Evento 4 batalla 12 planeta 3'),
  (3, 12, 5, 'Evento 5 batalla 12 planeta 3'),
  (3, 13, 1, 'Evento 1 batalla 13 planeta 3'),
  (3, 13, 2, 'Evento 2 batalla 13 planeta 3'),
  (3, 13, 3, 'Evento 3 batalla 13 planeta 3'),
  (3, 13, 4, 'Evento 4 batalla 13 planeta 3'),
  (3, 13, 5, 'Evento 5 batalla 13 planeta 3'),
  (3, 14, 1, 'Evento 1 batalla 14 planeta 3'),
  (3, 14, 2, 'Evento 2 batalla 14 planeta 3'),
  (3, 14, 3, 'Evento 3 batalla 14 planeta 3'),
  (3, 14, 4, 'Evento 4 batalla 14 planeta 3'),
  (3, 14, 5, 'Evento 5 batalla 14 planeta 3'),
  (3, 15, 1, 'Evento 1 batalla 15 planeta 3'),
  (3, 15, 2, 'Evento 2 batalla 15 planeta 3'),
  (3, 15, 3, 'Evento 3 batalla 15 planeta 3'),
  (3, 15, 4, 'Evento 4 batalla 15 planeta 3'),
  (3, 15, 5, 'Evento 5 batalla 15 planeta 3'),
  (3, 16, 1, 'Evento 1 batalla 16 planeta 3'),
  (3, 16, 2, 'Evento 2 batalla 16 planeta 3'),
  (3, 16, 3, 'Evento 3 batalla 16 planeta 3'),
  (3, 16, 4, 'Evento 4 batalla 16 planeta 3'),
  (3, 16, 5, 'Evento 5 batalla 16 planeta 3'),
  (3, 17, 1, 'Evento 1 batalla 17 planeta 3'),
  (3, 17, 2, 'Evento 2 batalla 17 planeta 3'),
  (3, 17, 3, 'Evento 3 batalla 17 planeta 3'),
  (3, 17, 4, 'Evento 4 batalla 17 planeta 3'),
  (3, 17, 5, 'Evento 5 batalla 17 planeta 3'),
  (3, 18, 1, 'Evento 1 batalla 18 planeta 3'),
  (3, 18, 2, 'Evento 2 batalla 18 planeta 3'),
  (3, 18, 3, 'Evento 3 batalla 18 planeta 3'),
  (3, 18, 4, 'Evento 4 batalla 18 planeta 3'),
  (3, 18, 5, 'Evento 5 batalla 18 planeta 3'),
  (3, 19, 1, 'Evento 1 batalla 19 planeta 3'),
  (3, 19, 2, 'Evento 2 batalla 19 planeta 3'),
  (3, 19, 3, 'Evento 3 batalla 19 planeta 3'),
  (3, 19, 4, 'Evento 4 batalla 19 planeta 3'),
  (3, 19, 5, 'Evento 5 batalla 19 planeta 3'),
  (3, 20, 1, 'Evento 1 batalla 20 planeta 3'),
  (3, 20, 2, 'Evento 2 batalla 20 planeta 3'),
  (3, 20, 3, 'Evento 3 batalla 20 planeta 3'),
  (3, 20, 4, 'Evento 4 batalla 20 planeta 3'),
  (3, 20, 5, 'Evento 5 batalla 20 planeta 3'),
  (4, 1, 1, 'Evento 1 batalla 1 planeta 4'),
  (4, 1, 2, 'Evento 2 batalla 1 planeta 4'),
  (4, 1, 3, 'Evento 3 batalla 1 planeta 4'),
  (4, 1, 4, 'Evento 4 batalla 1 planeta 4'),
  (4, 1, 5, 'Evento 5 batalla 1 planeta 4'),
  (4, 2, 1, 'Evento 1 batalla 2 planeta 4'),
  (4, 2, 2, 'Evento 2 batalla 2 planeta 4'),
  (4, 2, 3, 'Evento 3 batalla 2 planeta 4'),
  (4, 2, 4, 'Evento 4 batalla 2 planeta 4'),
  (4, 2, 5, 'Evento 5 batalla 2 planeta 4'),
  (4, 3, 1, 'Evento 1 batalla 3 planeta 4'),
  (4, 3, 2, 'Evento 2 batalla 3 planeta 4'),
  (4, 3, 3, 'Evento 3 batalla 3 planeta 4'),
  (4, 3, 4, 'Evento 4 batalla 3 planeta 4'),
  (4, 3, 5, 'Evento 5 batalla 3 planeta 4'),
  (4, 4, 1, 'Evento 1 batalla 4 planeta 4'),
  (4, 4, 2, 'Evento 2 batalla 4 planeta 4'),
  (4, 4, 3, 'Evento 3 batalla 4 planeta 4'),
  (4, 4, 4, 'Evento 4 batalla 4 planeta 4'),
  (4, 4, 5, 'Evento 5 batalla 4 planeta 4'),
  (4, 5, 1, 'Evento 1 batalla 5 planeta 4'),
  (4, 5, 2, 'Evento 2 batalla 5 planeta 4'),
  (4, 5, 3, 'Evento 3 batalla 5 planeta 4'),
  (4, 5, 4, 'Evento 4 batalla 5 planeta 4'),
  (4, 5, 5, 'Evento 5 batalla 5 planeta 4'),
  (4, 6, 1, 'Evento 1 batalla 6 planeta 4'),
  (4, 6, 2, 'Evento 2 batalla 6 planeta 4'),
  (4, 6, 3, 'Evento 3 batalla 6 planeta 4'),
  (4, 6, 4, 'Evento 4 batalla 6 planeta 4'),
  (4, 6, 5, 'Evento 5 batalla 6 planeta 4'),
  (4, 7, 1, 'Evento 1 batalla 7 planeta 4'),
  (4, 7, 2, 'Evento 2 batalla 7 planeta 4'),
  (4, 7, 3, 'Evento 3 batalla 7 planeta 4'),
  (4, 7, 4, 'Evento 4 batalla 7 planeta 4'),
  (4, 7, 5, 'Evento 5 batalla 7 planeta 4'),
  (4, 8, 1, 'Evento 1 batalla 8 planeta 4'),
  (4, 8, 2, 'Evento 2 batalla 8 planeta 4'),
  (4, 8, 3, 'Evento 3 batalla 8 planeta 4'),
  (4, 8, 4, 'Evento 4 batalla 8 planeta 4'),
  (4, 8, 5, 'Evento 5 batalla 8 planeta 4'),
  (4, 9, 1, 'Evento 1 batalla 9 planeta 4'),
  (4, 9, 2, 'Evento 2 batalla 9 planeta 4'),
  (4, 9, 3, 'Evento 3 batalla 9 planeta 4'),
  (4, 9, 4, 'Evento 4 batalla 9 planeta 4'),
  (4, 9, 5, 'Evento 5 batalla 9 planeta 4'),
  (4, 10, 1, 'Evento 1 batalla 10 planeta 4'),
  (4, 10, 2, 'Evento 2 batalla 10 planeta 4'),
  (4, 10, 3, 'Evento 3 batalla 10 planeta 4'),
  (4, 10, 4, 'Evento 4 batalla 10 planeta 4'),
  (4, 10, 5, 'Evento 5 batalla 10 planeta 4'),
  (4, 11, 1, 'Evento 1 batalla 11 planeta 4'),
  (4, 11, 2, 'Evento 2 batalla 11 planeta 4'),
  (4, 11, 3, 'Evento 3 batalla 11 planeta 4'),
  (4, 11, 4, 'Evento 4 batalla 11 planeta 4'),
  (4, 11, 5, 'Evento 5 batalla 11 planeta 4'),
  (4, 12, 1, 'Evento 1 batalla 12 planeta 4'),
  (4, 12, 2, 'Evento 2 batalla 12 planeta 4'),
  (4, 12, 3, 'Evento 3 batalla 12 planeta 4'),
  (4, 12, 4, 'Evento 4 batalla 12 planeta 4'),
  (4, 12, 5, 'Evento 5 batalla 12 planeta 4'),
  (4, 13, 1, 'Evento 1 batalla 13 planeta 4'),
  (4, 13, 2, 'Evento 2 batalla 13 planeta 4'),
  (4, 13, 3, 'Evento 3 batalla 13 planeta 4'),
  (4, 13, 4, 'Evento 4 batalla 13 planeta 4'),
  (4, 13, 5, 'Evento 5 batalla 13 planeta 4'),
  (4, 14, 1, 'Evento 1 batalla 14 planeta 4'),
  (4, 14, 2, 'Evento 2 batalla 14 planeta 4'),
  (4, 14, 3, 'Evento 3 batalla 14 planeta 4'),
  (4, 14, 4, 'Evento 4 batalla 14 planeta 4'),
  (4, 14, 5, 'Evento 5 batalla 14 planeta 4'),
  (4, 15, 1, 'Evento 1 batalla 15 planeta 4'),
  (4, 15, 2, 'Evento 2 batalla 15 planeta 4'),
  (4, 15, 3, 'Evento 3 batalla 15 planeta 4'),
  (4, 15, 4, 'Evento 4 batalla 15 planeta 4'),
  (4, 15, 5, 'Evento 5 batalla 15 planeta 4'),
  (4, 16, 1, 'Evento 1 batalla 16 planeta 4'),
  (4, 16, 2, 'Evento 2 batalla 16 planeta 4'),
  (4, 16, 3, 'Evento 3 batalla 16 planeta 4'),
  (4, 16, 4, 'Evento 4 batalla 16 planeta 4'),
  (4, 16, 5, 'Evento 5 batalla 16 planeta 4'),
  (4, 17, 1, 'Evento 1 batalla 17 planeta 4'),
  (4, 17, 2, 'Evento 2 batalla 17 planeta 4'),
  (4, 17, 3, 'Evento 3 batalla 17 planeta 4'),
  (4, 17, 4, 'Evento 4 batalla 17 planeta 4'),
  (4, 17, 5, 'Evento 5 batalla 17 planeta 4'),
  (4, 18, 1, 'Evento 1 batalla 18 planeta 4'),
  (4, 18, 2, 'Evento 2 batalla 18 planeta 4'),
  (4, 18, 3, 'Evento 3 batalla 18 planeta 4'),
  (4, 18, 4, 'Evento 4 batalla 18 planeta 4'),
  (4, 18, 5, 'Evento 5 batalla 18 planeta 4'),
  (4, 19, 1, 'Evento 1 batalla 19 planeta 4'),
  (4, 19, 2, 'Evento 2 batalla 19 planeta 4'),
  (4, 19, 3, 'Evento 3 batalla 19 planeta 4'),
  (4, 19, 4, 'Evento 4 batalla 19 planeta 4'),
  (4, 19, 5, 'Evento 5 batalla 19 planeta 4'),
  (4, 20, 1, 'Evento 1 batalla 20 planeta 4'),
  (4, 20, 2, 'Evento 2 batalla 20 planeta 4'),
  (4, 20, 3, 'Evento 3 batalla 20 planeta 4'),
  (4, 20, 4, 'Evento 4 batalla 20 planeta 4'),
  (4, 20, 5, 'Evento 5 batalla 20 planeta 4'),
  (5, 1, 1, 'Evento 1 batalla 1 planeta 5'),
  (5, 1, 2, 'Evento 2 batalla 1 planeta 5'),
  (5, 1, 3, 'Evento 3 batalla 1 planeta 5'),
  (5, 1, 4, 'Evento 4 batalla 1 planeta 5'),
  (5, 1, 5, 'Evento 5 batalla 1 planeta 5'),
  (5, 2, 1, 'Evento 1 batalla 2 planeta 5'),
  (5, 2, 2, 'Evento 2 batalla 2 planeta 5'),
  (5, 2, 3, 'Evento 3 batalla 2 planeta 5'),
  (5, 2, 4, 'Evento 4 batalla 2 planeta 5'),
  (5, 2, 5, 'Evento 5 batalla 2 planeta 5'),
  (5, 3, 1, 'Evento 1 batalla 3 planeta 5'),
  (5, 3, 2, 'Evento 2 batalla 3 planeta 5'),
  (5, 3, 3, 'Evento 3 batalla 3 planeta 5'),
  (5, 3, 4, 'Evento 4 batalla 3 planeta 5'),
  (5, 3, 5, 'Evento 5 batalla 3 planeta 5'),
  (5, 4, 1, 'Evento 1 batalla 4 planeta 5'),
  (5, 4, 2, 'Evento 2 batalla 4 planeta 5'),
  (5, 4, 3, 'Evento 3 batalla 4 planeta 5'),
  (5, 4, 4, 'Evento 4 batalla 4 planeta 5'),
  (5, 4, 5, 'Evento 5 batalla 4 planeta 5'),
  (5, 5, 1, 'Evento 1 batalla 5 planeta 5'),
  (5, 5, 2, 'Evento 2 batalla 5 planeta 5'),
  (5, 5, 3, 'Evento 3 batalla 5 planeta 5'),
  (5, 5, 4, 'Evento 4 batalla 5 planeta 5'),
  (5, 5, 5, 'Evento 5 batalla 5 planeta 5'),
  (5, 6, 1, 'Evento 1 batalla 6 planeta 5'),
  (5, 6, 2, 'Evento 2 batalla 6 planeta 5'),
  (5, 6, 3, 'Evento 3 batalla 6 planeta 5'),
  (5, 6, 4, 'Evento 4 batalla 6 planeta 5'),
  (5, 6, 5, 'Evento 5 batalla 6 planeta 5'),
  (5, 7, 1, 'Evento 1 batalla 7 planeta 5'),
  (5, 7, 2, 'Evento 2 batalla 7 planeta 5'),
  (5, 7, 3, 'Evento 3 batalla 7 planeta 5'),
  (5, 7, 4, 'Evento 4 batalla 7 planeta 5'),
  (5, 7, 5, 'Evento 5 batalla 7 planeta 5'),
  (5, 8, 1, 'Evento 1 batalla 8 planeta 5'),
  (5, 8, 2, 'Evento 2 batalla 8 planeta 5'),
  (5, 8, 3, 'Evento 3 batalla 8 planeta 5'),
  (5, 8, 4, 'Evento 4 batalla 8 planeta 5'),
  (5, 8, 5, 'Evento 5 batalla 8 planeta 5'),
  (5, 9, 1, 'Evento 1 batalla 9 planeta 5'),
  (5, 9, 2, 'Evento 2 batalla 9 planeta 5'),
  (5, 9, 3, 'Evento 3 batalla 9 planeta 5'),
  (5, 9, 4, 'Evento 4 batalla 9 planeta 5'),
  (5, 9, 5, 'Evento 5 batalla 9 planeta 5'),
  (5, 10, 1, 'Evento 1 batalla 10 planeta 5'),
  (5, 10, 2, 'Evento 2 batalla 10 planeta 5'),
  (5, 10, 3, 'Evento 3 batalla 10 planeta 5'),
  (5, 10, 4, 'Evento 4 batalla 10 planeta 5'),
  (5, 10, 5, 'Evento 5 batalla 10 planeta 5'),
  (5, 11, 1, 'Evento 1 batalla 11 planeta 5'),
  (5, 11, 2, 'Evento 2 batalla 11 planeta 5'),
  (5, 11, 3, 'Evento 3 batalla 11 planeta 5'),
  (5, 11, 4, 'Evento 4 batalla 11 planeta 5'),
  (5, 11, 5, 'Evento 5 batalla 11 planeta 5'),
  (5, 12, 1, 'Evento 1 batalla 12 planeta 5'),
  (5, 12, 2, 'Evento 2 batalla 12 planeta 5'),
  (5, 12, 3, 'Evento 3 batalla 12 planeta 5'),
  (5, 12, 4, 'Evento 4 batalla 12 planeta 5'),
  (5, 12, 5, 'Evento 5 batalla 12 planeta 5'),
  (5, 13, 1, 'Evento 1 batalla 13 planeta 5'),
  (5, 13, 2, 'Evento 2 batalla 13 planeta 5'),
  (5, 13, 3, 'Evento 3 batalla 13 planeta 5'),
  (5, 13, 4, 'Evento 4 batalla 13 planeta 5'),
  (5, 13, 5, 'Evento 5 batalla 13 planeta 5'),
  (5, 14, 1, 'Evento 1 batalla 14 planeta 5'),
  (5, 14, 2, 'Evento 2 batalla 14 planeta 5'),
  (5, 14, 3, 'Evento 3 batalla 14 planeta 5'),
  (5, 14, 4, 'Evento 4 batalla 14 planeta 5'),
  (5, 14, 5, 'Evento 5 batalla 14 planeta 5'),
  (5, 15, 1, 'Evento 1 batalla 15 planeta 5'),
  (5, 15, 2, 'Evento 2 batalla 15 planeta 5'),
  (5, 15, 3, 'Evento 3 batalla 15 planeta 5'),
  (5, 15, 4, 'Evento 4 batalla 15 planeta 5'),
  (5, 15, 5, 'Evento 5 batalla 15 planeta 5'),
  (5, 16, 1, 'Evento 1 batalla 16 planeta 5'),
  (5, 16, 2, 'Evento 2 batalla 16 planeta 5'),
  (5, 16, 3, 'Evento 3 batalla 16 planeta 5'),
  (5, 16, 4, 'Evento 4 batalla 16 planeta 5'),
  (5, 16, 5, 'Evento 5 batalla 16 planeta 5'),
  (5, 17, 1, 'Evento 1 batalla 17 planeta 5'),
  (5, 17, 2, 'Evento 2 batalla 17 planeta 5'),
  (5, 17, 3, 'Evento 3 batalla 17 planeta 5'),
  (5, 17, 4, 'Evento 4 batalla 17 planeta 5'),
  (5, 17, 5, 'Evento 5 batalla 17 planeta 5'),
  (5, 18, 1, 'Evento 1 batalla 18 planeta 5'),
  (5, 18, 2, 'Evento 2 batalla 18 planeta 5'),
  (5, 18, 3, 'Evento 3 batalla 18 planeta 5'),
  (5, 18, 4, 'Evento 4 batalla 18 planeta 5'),
  (5, 18, 5, 'Evento 5 batalla 18 planeta 5'),
  (5, 19, 1, 'Evento 1 batalla 19 planeta 5'),
  (5, 19, 2, 'Evento 2 batalla 19 planeta 5'),
  (5, 19, 3, 'Evento 3 batalla 19 planeta 5'),
  (5, 19, 4, 'Evento 4 batalla 19 planeta 5'),
  (5, 19, 5, 'Evento 5 batalla 19 planeta 5'),
  (5, 20, 1, 'Evento 1 batalla 20 planeta 5'),
  (5, 20, 2, 'Evento 2 batalla 20 planeta 5'),
  (5, 20, 3, 'Evento 3 batalla 20 planeta 5'),
  (5, 20, 4, 'Evento 4 batalla 20 planeta 5'),
  (5, 20, 5, 'Evento 5 batalla 20 planeta 5'),
  (6, 1, 1, 'Evento 1 batalla 1 planeta 6'),
  (6, 1, 2, 'Evento 2 batalla 1 planeta 6'),
  (6, 1, 3, 'Evento 3 batalla 1 planeta 6'),
  (6, 1, 4, 'Evento 4 batalla 1 planeta 6'),
  (6, 1, 5, 'Evento 5 batalla 1 planeta 6'),
  (6, 2, 1, 'Evento 1 batalla 2 planeta 6'),
  (6, 2, 2, 'Evento 2 batalla 2 planeta 6'),
  (6, 2, 3, 'Evento 3 batalla 2 planeta 6'),
  (6, 2, 4, 'Evento 4 batalla 2 planeta 6'),
  (6, 2, 5, 'Evento 5 batalla 2 planeta 6'),
  (6, 3, 1, 'Evento 1 batalla 3 planeta 6'),
  (6, 3, 2, 'Evento 2 batalla 3 planeta 6'),
  (6, 3, 3, 'Evento 3 batalla 3 planeta 6'),
  (6, 3, 4, 'Evento 4 batalla 3 planeta 6'),
  (6, 3, 5, 'Evento 5 batalla 3 planeta 6'),
  (6, 4, 1, 'Evento 1 batalla 4 planeta 6'),
  (6, 4, 2, 'Evento 2 batalla 4 planeta 6'),
  (6, 4, 3, 'Evento 3 batalla 4 planeta 6'),
  (6, 4, 4, 'Evento 4 batalla 4 planeta 6'),
  (6, 4, 5, 'Evento 5 batalla 4 planeta 6'),
  (6, 5, 1, 'Evento 1 batalla 5 planeta 6'),
  (6, 5, 2, 'Evento 2 batalla 5 planeta 6'),
  (6, 5, 3, 'Evento 3 batalla 5 planeta 6'),
  (6, 5, 4, 'Evento 4 batalla 5 planeta 6'),
  (6, 5, 5, 'Evento 5 batalla 5 planeta 6'),
  (6, 6, 1, 'Evento 1 batalla 6 planeta 6'),
  (6, 6, 2, 'Evento 2 batalla 6 planeta 6'),
  (6, 6, 3, 'Evento 3 batalla 6 planeta 6'),
  (6, 6, 4, 'Evento 4 batalla 6 planeta 6'),
  (6, 6, 5, 'Evento 5 batalla 6 planeta 6'),
  (6, 7, 1, 'Evento 1 batalla 7 planeta 6'),
  (6, 7, 2, 'Evento 2 batalla 7 planeta 6'),
  (6, 7, 3, 'Evento 3 batalla 7 planeta 6'),
  (6, 7, 4, 'Evento 4 batalla 7 planeta 6'),
  (6, 7, 5, 'Evento 5 batalla 7 planeta 6'),
  (6, 8, 1, 'Evento 1 batalla 8 planeta 6'),
  (6, 8, 2, 'Evento 2 batalla 8 planeta 6'),
  (6, 8, 3, 'Evento 3 batalla 8 planeta 6'),
  (6, 8, 4, 'Evento 4 batalla 8 planeta 6'),
  (6, 8, 5, 'Evento 5 batalla 8 planeta 6'),
  (6, 9, 1, 'Evento 1 batalla 9 planeta 6'),
  (6, 9, 2, 'Evento 2 batalla 9 planeta 6'),
  (6, 9, 3, 'Evento 3 batalla 9 planeta 6'),
  (6, 9, 4, 'Evento 4 batalla 9 planeta 6'),
  (6, 9, 5, 'Evento 5 batalla 9 planeta 6'),
  (6, 10, 1, 'Evento 1 batalla 10 planeta 6'),
  (6, 10, 2, 'Evento 2 batalla 10 planeta 6'),
  (6, 10, 3, 'Evento 3 batalla 10 planeta 6'),
  (6, 10, 4, 'Evento 4 batalla 10 planeta 6'),
  (6, 10, 5, 'Evento 5 batalla 10 planeta 6'),
  (6, 11, 1, 'Evento 1 batalla 11 planeta 6'),
  (6, 11, 2, 'Evento 2 batalla 11 planeta 6'),
  (6, 11, 3, 'Evento 3 batalla 11 planeta 6'),
  (6, 11, 4, 'Evento 4 batalla 11 planeta 6'),
  (6, 11, 5, 'Evento 5 batalla 11 planeta 6'),
  (6, 12, 1, 'Evento 1 batalla 12 planeta 6'),
  (6, 12, 2, 'Evento 2 batalla 12 planeta 6'),
  (6, 12, 3, 'Evento 3 batalla 12 planeta 6'),
  (6, 12, 4, 'Evento 4 batalla 12 planeta 6'),
  (6, 12, 5, 'Evento 5 batalla 12 planeta 6'),
  (6, 13, 1, 'Evento 1 batalla 13 planeta 6'),
  (6, 13, 2, 'Evento 2 batalla 13 planeta 6'),
  (6, 13, 3, 'Evento 3 batalla 13 planeta 6'),
  (6, 13, 4, 'Evento 4 batalla 13 planeta 6'),
  (6, 13, 5, 'Evento 5 batalla 13 planeta 6'),
  (6, 14, 1, 'Evento 1 batalla 14 planeta 6'),
  (6, 14, 2, 'Evento 2 batalla 14 planeta 6'),
  (6, 14, 3, 'Evento 3 batalla 14 planeta 6'),
  (6, 14, 4, 'Evento 4 batalla 14 planeta 6'),
  (6, 14, 5, 'Evento 5 batalla 14 planeta 6'),
  (6, 15, 1, 'Evento 1 batalla 15 planeta 6'),
  (6, 15, 2, 'Evento 2 batalla 15 planeta 6'),
  (6, 15, 3, 'Evento 3 batalla 15 planeta 6'),
  (6, 15, 4, 'Evento 4 batalla 15 planeta 6'),
  (6, 15, 5, 'Evento 5 batalla 15 planeta 6'),
  (6, 16, 1, 'Evento 1 batalla 16 planeta 6'),
  (6, 16, 2, 'Evento 2 batalla 16 planeta 6'),
  (6, 16, 3, 'Evento 3 batalla 16 planeta 6'),
  (6, 16, 4, 'Evento 4 batalla 16 planeta 6'),
  (6, 16, 5, 'Evento 5 batalla 16 planeta 6'),
  (6, 17, 1, 'Evento 1 batalla 17 planeta 6'),
  (6, 17, 2, 'Evento 2 batalla 17 planeta 6'),
  (6, 17, 3, 'Evento 3 batalla 17 planeta 6'),
  (6, 17, 4, 'Evento 4 batalla 17 planeta 6'),
  (6, 17, 5, 'Evento 5 batalla 17 planeta 6'),
  (6, 18, 1, 'Evento 1 batalla 18 planeta 6'),
  (6, 18, 2, 'Evento 2 batalla 18 planeta 6'),
  (6, 18, 3, 'Evento 3 batalla 18 planeta 6'),
  (6, 18, 4, 'Evento 4 batalla 18 planeta 6'),
  (6, 18, 5, 'Evento 5 batalla 18 planeta 6'),
  (6, 19, 1, 'Evento 1 batalla 19 planeta 6'),
  (6, 19, 2, 'Evento 2 batalla 19 planeta 6'),
  (6, 19, 3, 'Evento 3 batalla 19 planeta 6'),
  (6, 19, 4, 'Evento 4 batalla 19 planeta 6'),
  (6, 19, 5, 'Evento 5 batalla 19 planeta 6'),
  (6, 20, 1, 'Evento 1 batalla 20 planeta 6'),
  (6, 20, 2, 'Evento 2 batalla 20 planeta 6'),
  (6, 20, 3, 'Evento 3 batalla 20 planeta 6'),
  (6, 20, 4, 'Evento 4 batalla 20 planeta 6'),
  (6, 20, 5, 'Evento 5 batalla 20 planeta 6'),
  (7, 1, 1, 'Evento 1 batalla 1 planeta 7'),
  (7, 1, 2, 'Evento 2 batalla 1 planeta 7'),
  (7, 1, 3, 'Evento 3 batalla 1 planeta 7'),
  (7, 1, 4, 'Evento 4 batalla 1 planeta 7'),
  (7, 1, 5, 'Evento 5 batalla 1 planeta 7'),
  (7, 2, 1, 'Evento 1 batalla 2 planeta 7'),
  (7, 2, 2, 'Evento 2 batalla 2 planeta 7'),
  (7, 2, 3, 'Evento 3 batalla 2 planeta 7'),
  (7, 2, 4, 'Evento 4 batalla 2 planeta 7'),
  (7, 2, 5, 'Evento 5 batalla 2 planeta 7'),
  (7, 3, 1, 'Evento 1 batalla 3 planeta 7'),
  (7, 3, 2, 'Evento 2 batalla 3 planeta 7'),
  (7, 3, 3, 'Evento 3 batalla 3 planeta 7'),
  (7, 3, 4, 'Evento 4 batalla 3 planeta 7'),
  (7, 3, 5, 'Evento 5 batalla 3 planeta 7'),
  (7, 4, 1, 'Evento 1 batalla 4 planeta 7'),
  (7, 4, 2, 'Evento 2 batalla 4 planeta 7'),
  (7, 4, 3, 'Evento 3 batalla 4 planeta 7'),
  (7, 4, 4, 'Evento 4 batalla 4 planeta 7'),
  (7, 4, 5, 'Evento 5 batalla 4 planeta 7'),
  (7, 5, 1, 'Evento 1 batalla 5 planeta 7'),
  (7, 5, 2, 'Evento 2 batalla 5 planeta 7'),
  (7, 5, 3, 'Evento 3 batalla 5 planeta 7'),
  (7, 5, 4, 'Evento 4 batalla 5 planeta 7'),
  (7, 5, 5, 'Evento 5 batalla 5 planeta 7'),
  (7, 6, 1, 'Evento 1 batalla 6 planeta 7'),
  (7, 6, 2, 'Evento 2 batalla 6 planeta 7'),
  (7, 6, 3, 'Evento 3 batalla 6 planeta 7'),
  (7, 6, 4, 'Evento 4 batalla 6 planeta 7'),
  (7, 6, 5, 'Evento 5 batalla 6 planeta 7'),
  (7, 7, 1, 'Evento 1 batalla 7 planeta 7'),
  (7, 7, 2, 'Evento 2 batalla 7 planeta 7'),
  (7, 7, 3, 'Evento 3 batalla 7 planeta 7'),
  (7, 7, 4, 'Evento 4 batalla 7 planeta 7'),
  (7, 7, 5, 'Evento 5 batalla 7 planeta 7'),
  (7, 8, 1, 'Evento 1 batalla 8 planeta 7'),
  (7, 8, 2, 'Evento 2 batalla 8 planeta 7'),
  (7, 8, 3, 'Evento 3 batalla 8 planeta 7'),
  (7, 8, 4, 'Evento 4 batalla 8 planeta 7'),
  (7, 8, 5, 'Evento 5 batalla 8 planeta 7'),
  (7, 9, 1, 'Evento 1 batalla 9 planeta 7'),
  (7, 9, 2, 'Evento 2 batalla 9 planeta 7'),
  (7, 9, 3, 'Evento 3 batalla 9 planeta 7'),
  (7, 9, 4, 'Evento 4 batalla 9 planeta 7'),
  (7, 9, 5, 'Evento 5 batalla 9 planeta 7'),
  (7, 10, 1, 'Evento 1 batalla 10 planeta 7'),
  (7, 10, 2, 'Evento 2 batalla 10 planeta 7'),
  (7, 10, 3, 'Evento 3 batalla 10 planeta 7'),
  (7, 10, 4, 'Evento 4 batalla 10 planeta 7'),
  (7, 10, 5, 'Evento 5 batalla 10 planeta 7'),
  (7, 11, 1, 'Evento 1 batalla 11 planeta 7'),
  (7, 11, 2, 'Evento 2 batalla 11 planeta 7'),
  (7, 11, 3, 'Evento 3 batalla 11 planeta 7'),
  (7, 11, 4, 'Evento 4 batalla 11 planeta 7'),
  (7, 11, 5, 'Evento 5 batalla 11 planeta 7'),
  (7, 12, 1, 'Evento 1 batalla 12 planeta 7'),
  (7, 12, 2, 'Evento 2 batalla 12 planeta 7'),
  (7, 12, 3, 'Evento 3 batalla 12 planeta 7'),
  (7, 12, 4, 'Evento 4 batalla 12 planeta 7'),
  (7, 12, 5, 'Evento 5 batalla 12 planeta 7'),
  (7, 13, 1, 'Evento 1 batalla 13 planeta 7'),
  (7, 13, 2, 'Evento 2 batalla 13 planeta 7'),
  (7, 13, 3, 'Evento 3 batalla 13 planeta 7'),
  (7, 13, 4, 'Evento 4 batalla 13 planeta 7'),
  (7, 13, 5, 'Evento 5 batalla 13 planeta 7'),
  (7, 14, 1, 'Evento 1 batalla 14 planeta 7'),
  (7, 14, 2, 'Evento 2 batalla 14 planeta 7'),
  (7, 14, 3, 'Evento 3 batalla 14 planeta 7'),
  (7, 14, 4, 'Evento 4 batalla 14 planeta 7'),
  (7, 14, 5, 'Evento 5 batalla 14 planeta 7'),
  (7, 15, 1, 'Evento 1 batalla 15 planeta 7'),
  (7, 15, 2, 'Evento 2 batalla 15 planeta 7'),
  (7, 15, 3, 'Evento 3 batalla 15 planeta 7'),
  (7, 15, 4, 'Evento 4 batalla 15 planeta 7'),
  (7, 15, 5, 'Evento 5 batalla 15 planeta 7'),
  (7, 16, 1, 'Evento 1 batalla 16 planeta 7'),
  (7, 16, 2, 'Evento 2 batalla 16 planeta 7'),
  (7, 16, 3, 'Evento 3 batalla 16 planeta 7'),
  (7, 16, 4, 'Evento 4 batalla 16 planeta 7'),
  (7, 16, 5, 'Evento 5 batalla 16 planeta 7'),
  (7, 17, 1, 'Evento 1 batalla 17 planeta 7'),
  (7, 17, 2, 'Evento 2 batalla 17 planeta 7'),
  (7, 17, 3, 'Evento 3 batalla 17 planeta 7'),
  (7, 17, 4, 'Evento 4 batalla 17 planeta 7'),
  (7, 17, 5, 'Evento 5 batalla 17 planeta 7'),
  (7, 18, 1, 'Evento 1 batalla 18 planeta 7'),
  (7, 18, 2, 'Evento 2 batalla 18 planeta 7'),
  (7, 18, 3, 'Evento 3 batalla 18 planeta 7'),
  (7, 18, 4, 'Evento 4 batalla 18 planeta 7'),
  (7, 18, 5, 'Evento 5 batalla 18 planeta 7'),
  (7, 19, 1, 'Evento 1 batalla 19 planeta 7'),
  (7, 19, 2, 'Evento 2 batalla 19 planeta 7'),
  (7, 19, 3, 'Evento 3 batalla 19 planeta 7'),
  (7, 19, 4, 'Evento 4 batalla 19 planeta 7'),
  (7, 19, 5, 'Evento 5 batalla 19 planeta 7'),
  (7, 20, 1, 'Evento 1 batalla 20 planeta 7'),
  (7, 20, 2, 'Evento 2 batalla 20 planeta 7'),
  (7, 20, 3, 'Evento 3 batalla 20 planeta 7'),
  (7, 20, 4, 'Evento 4 batalla 20 planeta 7'),
  (7, 20, 5, 'Evento 5 batalla 20 planeta 7'),
  (8, 1, 1, 'Evento 1 batalla 1 planeta 8'),
  (8, 1, 2, 'Evento 2 batalla 1 planeta 8'),
  (8, 1, 3, 'Evento 3 batalla 1 planeta 8'),
  (8, 1, 4, 'Evento 4 batalla 1 planeta 8'),
  (8, 1, 5, 'Evento 5 batalla 1 planeta 8'),
  (8, 2, 1, 'Evento 1 batalla 2 planeta 8'),
  (8, 2, 2, 'Evento 2 batalla 2 planeta 8'),
  (8, 2, 3, 'Evento 3 batalla 2 planeta 8'),
  (8, 2, 4, 'Evento 4 batalla 2 planeta 8'),
  (8, 2, 5, 'Evento 5 batalla 2 planeta 8'),
  (8, 3, 1, 'Evento 1 batalla 3 planeta 8'),
  (8, 3, 2, 'Evento 2 batalla 3 planeta 8'),
  (8, 3, 3, 'Evento 3 batalla 3 planeta 8'),
  (8, 3, 4, 'Evento 4 batalla 3 planeta 8'),
  (8, 3, 5, 'Evento 5 batalla 3 planeta 8'),
  (8, 4, 1, 'Evento 1 batalla 4 planeta 8'),
  (8, 4, 2, 'Evento 2 batalla 4 planeta 8'),
  (8, 4, 3, 'Evento 3 batalla 4 planeta 8'),
  (8, 4, 4, 'Evento 4 batalla 4 planeta 8'),
  (8, 4, 5, 'Evento 5 batalla 4 planeta 8'),
  (8, 5, 1, 'Evento 1 batalla 5 planeta 8'),
  (8, 5, 2, 'Evento 2 batalla 5 planeta 8'),
  (8, 5, 3, 'Evento 3 batalla 5 planeta 8'),
  (8, 5, 4, 'Evento 4 batalla 5 planeta 8'),
  (8, 5, 5, 'Evento 5 batalla 5 planeta 8'),
  (8, 6, 1, 'Evento 1 batalla 6 planeta 8'),
  (8, 6, 2, 'Evento 2 batalla 6 planeta 8'),
  (8, 6, 3, 'Evento 3 batalla 6 planeta 8'),
  (8, 6, 4, 'Evento 4 batalla 6 planeta 8'),
  (8, 6, 5, 'Evento 5 batalla 6 planeta 8'),
  (8, 7, 1, 'Evento 1 batalla 7 planeta 8'),
  (8, 7, 2, 'Evento 2 batalla 7 planeta 8'),
  (8, 7, 3, 'Evento 3 batalla 7 planeta 8'),
  (8, 7, 4, 'Evento 4 batalla 7 planeta 8'),
  (8, 7, 5, 'Evento 5 batalla 7 planeta 8'),
  (8, 8, 1, 'Evento 1 batalla 8 planeta 8'),
  (8, 8, 2, 'Evento 2 batalla 8 planeta 8'),
  (8, 8, 3, 'Evento 3 batalla 8 planeta 8'),
  (8, 8, 4, 'Evento 4 batalla 8 planeta 8'),
  (8, 8, 5, 'Evento 5 batalla 8 planeta 8'),
  (8, 9, 1, 'Evento 1 batalla 9 planeta 8'),
  (8, 9, 2, 'Evento 2 batalla 9 planeta 8'),
  (8, 9, 3, 'Evento 3 batalla 9 planeta 8'),
  (8, 9, 4, 'Evento 4 batalla 9 planeta 8'),
  (8, 9, 5, 'Evento 5 batalla 9 planeta 8'),
  (8, 10, 1, 'Evento 1 batalla 10 planeta 8'),
  (8, 10, 2, 'Evento 2 batalla 10 planeta 8'),
  (8, 10, 3, 'Evento 3 batalla 10 planeta 8'),
  (8, 10, 4, 'Evento 4 batalla 10 planeta 8'),
  (8, 10, 5, 'Evento 5 batalla 10 planeta 8'),
  (8, 11, 1, 'Evento 1 batalla 11 planeta 8'),
  (8, 11, 2, 'Evento 2 batalla 11 planeta 8'),
  (8, 11, 3, 'Evento 3 batalla 11 planeta 8'),
  (8, 11, 4, 'Evento 4 batalla 11 planeta 8'),
  (8, 11, 5, 'Evento 5 batalla 11 planeta 8'),
  (8, 12, 1, 'Evento 1 batalla 12 planeta 8'),
  (8, 12, 2, 'Evento 2 batalla 12 planeta 8'),
  (8, 12, 3, 'Evento 3 batalla 12 planeta 8'),
  (8, 12, 4, 'Evento 4 batalla 12 planeta 8'),
  (8, 12, 5, 'Evento 5 batalla 12 planeta 8'),
  (8, 13, 1, 'Evento 1 batalla 13 planeta 8'),
  (8, 13, 2, 'Evento 2 batalla 13 planeta 8'),
  (8, 13, 3, 'Evento 3 batalla 13 planeta 8'),
  (8, 13, 4, 'Evento 4 batalla 13 planeta 8'),
  (8, 13, 5, 'Evento 5 batalla 13 planeta 8'),
  (8, 14, 1, 'Evento 1 batalla 14 planeta 8'),
  (8, 14, 2, 'Evento 2 batalla 14 planeta 8'),
  (8, 14, 3, 'Evento 3 batalla 14 planeta 8'),
  (8, 14, 4, 'Evento 4 batalla 14 planeta 8'),
  (8, 14, 5, 'Evento 5 batalla 14 planeta 8'),
  (8, 15, 1, 'Evento 1 batalla 15 planeta 8'),
  (8, 15, 2, 'Evento 2 batalla 15 planeta 8'),
  (8, 15, 3, 'Evento 3 batalla 15 planeta 8'),
  (8, 15, 4, 'Evento 4 batalla 15 planeta 8'),
  (8, 15, 5, 'Evento 5 batalla 15 planeta 8'),
  (8, 16, 1, 'Evento 1 batalla 16 planeta 8'),
  (8, 16, 2, 'Evento 2 batalla 16 planeta 8'),
  (8, 16, 3, 'Evento 3 batalla 16 planeta 8'),
  (8, 16, 4, 'Evento 4 batalla 16 planeta 8'),
  (8, 16, 5, 'Evento 5 batalla 16 planeta 8'),
  (8, 17, 1, 'Evento 1 batalla 17 planeta 8'),
  (8, 17, 2, 'Evento 2 batalla 17 planeta 8'),
  (8, 17, 3, 'Evento 3 batalla 17 planeta 8'),
  (8, 17, 4, 'Evento 4 batalla 17 planeta 8'),
  (8, 17, 5, 'Evento 5 batalla 17 planeta 8'),
  (8, 18, 1, 'Evento 1 batalla 18 planeta 8'),
  (8, 18, 2, 'Evento 2 batalla 18 planeta 8'),
  (8, 18, 3, 'Evento 3 batalla 18 planeta 8'),
  (8, 18, 4, 'Evento 4 batalla 18 planeta 8'),
  (8, 18, 5, 'Evento 5 batalla 18 planeta 8'),
  (8, 19, 1, 'Evento 1 batalla 19 planeta 8'),
  (8, 19, 2, 'Evento 2 batalla 19 planeta 8'),
  (8, 19, 3, 'Evento 3 batalla 19 planeta 8'),
  (8, 19, 4, 'Evento 4 batalla 19 planeta 8'),
  (8, 19, 5, 'Evento 5 batalla 19 planeta 8'),
  (8, 20, 1, 'Evento 1 batalla 20 planeta 8'),
  (8, 20, 2, 'Evento 2 batalla 20 planeta 8'),
  (8, 20, 3, 'Evento 3 batalla 20 planeta 8'),
  (8, 20, 4, 'Evento 4 batalla 20 planeta 8'),
  (8, 20, 5, 'Evento 5 batalla 20 planeta 8'),
  (9, 1, 1, 'Evento 1 batalla 1 planeta 9'),
  (9, 1, 2, 'Evento 2 batalla 1 planeta 9'),
  (9, 1, 3, 'Evento 3 batalla 1 planeta 9'),
  (9, 1, 4, 'Evento 4 batalla 1 planeta 9'),
  (9, 1, 5, 'Evento 5 batalla 1 planeta 9'),
  (9, 2, 1, 'Evento 1 batalla 2 planeta 9'),
  (9, 2, 2, 'Evento 2 batalla 2 planeta 9'),
  (9, 2, 3, 'Evento 3 batalla 2 planeta 9'),
  (9, 2, 4, 'Evento 4 batalla 2 planeta 9'),
  (9, 2, 5, 'Evento 5 batalla 2 planeta 9'),
  (9, 3, 1, 'Evento 1 batalla 3 planeta 9'),
  (9, 3, 2, 'Evento 2 batalla 3 planeta 9'),
  (9, 3, 3, 'Evento 3 batalla 3 planeta 9'),
  (9, 3, 4, 'Evento 4 batalla 3 planeta 9'),
  (9, 3, 5, 'Evento 5 batalla 3 planeta 9'),
  (9, 4, 1, 'Evento 1 batalla 4 planeta 9'),
  (9, 4, 2, 'Evento 2 batalla 4 planeta 9'),
  (9, 4, 3, 'Evento 3 batalla 4 planeta 9'),
  (9, 4, 4, 'Evento 4 batalla 4 planeta 9'),
  (9, 4, 5, 'Evento 5 batalla 4 planeta 9'),
  (9, 5, 1, 'Evento 1 batalla 5 planeta 9'),
  (9, 5, 2, 'Evento 2 batalla 5 planeta 9'),
  (9, 5, 3, 'Evento 3 batalla 5 planeta 9'),
  (9, 5, 4, 'Evento 4 batalla 5 planeta 9'),
  (9, 5, 5, 'Evento 5 batalla 5 planeta 9'),
  (9, 6, 1, 'Evento 1 batalla 6 planeta 9'),
  (9, 6, 2, 'Evento 2 batalla 6 planeta 9'),
  (9, 6, 3, 'Evento 3 batalla 6 planeta 9'),
  (9, 6, 4, 'Evento 4 batalla 6 planeta 9'),
  (9, 6, 5, 'Evento 5 batalla 6 planeta 9'),
  (9, 7, 1, 'Evento 1 batalla 7 planeta 9'),
  (9, 7, 2, 'Evento 2 batalla 7 planeta 9'),
  (9, 7, 3, 'Evento 3 batalla 7 planeta 9'),
  (9, 7, 4, 'Evento 4 batalla 7 planeta 9'),
  (9, 7, 5, 'Evento 5 batalla 7 planeta 9'),
  (9, 8, 1, 'Evento 1 batalla 8 planeta 9'),
  (9, 8, 2, 'Evento 2 batalla 8 planeta 9'),
  (9, 8, 3, 'Evento 3 batalla 8 planeta 9'),
  (9, 8, 4, 'Evento 4 batalla 8 planeta 9'),
  (9, 8, 5, 'Evento 5 batalla 8 planeta 9'),
  (9, 9, 1, 'Evento 1 batalla 9 planeta 9'),
  (9, 9, 2, 'Evento 2 batalla 9 planeta 9'),
  (9, 9, 3, 'Evento 3 batalla 9 planeta 9'),
  (9, 9, 4, 'Evento 4 batalla 9 planeta 9'),
  (9, 9, 5, 'Evento 5 batalla 9 planeta 9'),
  (9, 10, 1, 'Evento 1 batalla 10 planeta 9'),
  (9, 10, 2, 'Evento 2 batalla 10 planeta 9'),
  (9, 10, 3, 'Evento 3 batalla 10 planeta 9'),
  (9, 10, 4, 'Evento 4 batalla 10 planeta 9'),
  (9, 10, 5, 'Evento 5 batalla 10 planeta 9'),
  (9, 11, 1, 'Evento 1 batalla 11 planeta 9'),
  (9, 11, 2, 'Evento 2 batalla 11 planeta 9'),
  (9, 11, 3, 'Evento 3 batalla 11 planeta 9'),
  (9, 11, 4, 'Evento 4 batalla 11 planeta 9'),
  (9, 11, 5, 'Evento 5 batalla 11 planeta 9'),
  (9, 12, 1, 'Evento 1 batalla 12 planeta 9'),
  (9, 12, 2, 'Evento 2 batalla 12 planeta 9'),
  (9, 12, 3, 'Evento 3 batalla 12 planeta 9'),
  (9, 12, 4, 'Evento 4 batalla 12 planeta 9'),
  (9, 12, 5, 'Evento 5 batalla 12 planeta 9'),
  (9, 13, 1, 'Evento 1 batalla 13 planeta 9'),
  (9, 13, 2, 'Evento 2 batalla 13 planeta 9'),
  (9, 13, 3, 'Evento 3 batalla 13 planeta 9'),
  (9, 13, 4, 'Evento 4 batalla 13 planeta 9'),
  (9, 13, 5, 'Evento 5 batalla 13 planeta 9'),
  (9, 14, 1, 'Evento 1 batalla 14 planeta 9'),
  (9, 14, 2, 'Evento 2 batalla 14 planeta 9'),
  (9, 14, 3, 'Evento 3 batalla 14 planeta 9'),
  (9, 14, 4, 'Evento 4 batalla 14 planeta 9'),
  (9, 14, 5, 'Evento 5 batalla 14 planeta 9'),
  (9, 15, 1, 'Evento 1 batalla 15 planeta 9'),
  (9, 15, 2, 'Evento 2 batalla 15 planeta 9'),
  (9, 15, 3, 'Evento 3 batalla 15 planeta 9'),
  (9, 15, 4, 'Evento 4 batalla 15 planeta 9'),
  (9, 15, 5, 'Evento 5 batalla 15 planeta 9'),
  (9, 16, 1, 'Evento 1 batalla 16 planeta 9'),
  (9, 16, 2, 'Evento 2 batalla 16 planeta 9'),
  (9, 16, 3, 'Evento 3 batalla 16 planeta 9'),
  (9, 16, 4, 'Evento 4 batalla 16 planeta 9'),
  (9, 16, 5, 'Evento 5 batalla 16 planeta 9'),
  (9, 17, 1, 'Evento 1 batalla 17 planeta 9'),
  (9, 17, 2, 'Evento 2 batalla 17 planeta 9'),
  (9, 17, 3, 'Evento 3 batalla 17 planeta 9'),
  (9, 17, 4, 'Evento 4 batalla 17 planeta 9'),
  (9, 17, 5, 'Evento 5 batalla 17 planeta 9'),
  (9, 18, 1, 'Evento 1 batalla 18 planeta 9'),
  (9, 18, 2, 'Evento 2 batalla 18 planeta 9'),
  (9, 18, 3, 'Evento 3 batalla 18 planeta 9'),
  (9, 18, 4, 'Evento 4 batalla 18 planeta 9'),
  (9, 18, 5, 'Evento 5 batalla 18 planeta 9'),
  (9, 19, 1, 'Evento 1 batalla 19 planeta 9'),
  (9, 19, 2, 'Evento 2 batalla 19 planeta 9'),
  (9, 19, 3, 'Evento 3 batalla 19 planeta 9'),
  (9, 19, 4, 'Evento 4 batalla 19 planeta 9'),
  (9, 19, 5, 'Evento 5 batalla 19 planeta 9'),
  (9, 20, 1, 'Evento 1 batalla 20 planeta 9'),
  (9, 20, 2, 'Evento 2 batalla 20 planeta 9'),
  (9, 20, 3, 'Evento 3 batalla 20 planeta 9'),
  (9, 20, 4, 'Evento 4 batalla 20 planeta 9'),
  (9, 20, 5, 'Evento 5 batalla 20 planeta 9'),
  (10, 1, 1, 'Evento 1 batalla 1 planeta 10'),
  (10, 1, 2, 'Evento 2 batalla 1 planeta 10'),
  (10, 1, 3, 'Evento 3 batalla 1 planeta 10'),
  (10, 1, 4, 'Evento 4 batalla 1 planeta 10'),
  (10, 1, 5, 'Evento 5 batalla 1 planeta 10'),
  (10, 2, 1, 'Evento 1 batalla 2 planeta 10'),
  (10, 2, 2, 'Evento 2 batalla 2 planeta 10'),
  (10, 2, 3, 'Evento 3 batalla 2 planeta 10'),
  (10, 2, 4, 'Evento 4 batalla 2 planeta 10'),
  (10, 2, 5, 'Evento 5 batalla 2 planeta 10'),
  (10, 3, 1, 'Evento 1 batalla 3 planeta 10'),
  (10, 3, 2, 'Evento 2 batalla 3 planeta 10'),
  (10, 3, 3, 'Evento 3 batalla 3 planeta 10'),
  (10, 3, 4, 'Evento 4 batalla 3 planeta 10'),
  (10, 3, 5, 'Evento 5 batalla 3 planeta 10'),
  (10, 4, 1, 'Evento 1 batalla 4 planeta 10'),
  (10, 4, 2, 'Evento 2 batalla 4 planeta 10'),
  (10, 4, 3, 'Evento 3 batalla 4 planeta 10'),
  (10, 4, 4, 'Evento 4 batalla 4 planeta 10'),
  (10, 4, 5, 'Evento 5 batalla 4 planeta 10'),
  (10, 5, 1, 'Evento 1 batalla 5 planeta 10'),
  (10, 5, 2, 'Evento 2 batalla 5 planeta 10'),
  (10, 5, 3, 'Evento 3 batalla 5 planeta 10'),
  (10, 5, 4, 'Evento 4 batalla 5 planeta 10'),
  (10, 5, 5, 'Evento 5 batalla 5 planeta 10'),
  (10, 6, 1, 'Evento 1 batalla 6 planeta 10'),
  (10, 6, 2, 'Evento 2 batalla 6 planeta 10'),
  (10, 6, 3, 'Evento 3 batalla 6 planeta 10'),
  (10, 6, 4, 'Evento 4 batalla 6 planeta 10'),
  (10, 6, 5, 'Evento 5 batalla 6 planeta 10'),
  (10, 7, 1, 'Evento 1 batalla 7 planeta 10'),
  (10, 7, 2, 'Evento 2 batalla 7 planeta 10'),
  (10, 7, 3, 'Evento 3 batalla 7 planeta 10'),
  (10, 7, 4, 'Evento 4 batalla 7 planeta 10'),
  (10, 7, 5, 'Evento 5 batalla 7 planeta 10'),
  (10, 8, 1, 'Evento 1 batalla 8 planeta 10'),
  (10, 8, 2, 'Evento 2 batalla 8 planeta 10'),
  (10, 8, 3, 'Evento 3 batalla 8 planeta 10'),
  (10, 8, 4, 'Evento 4 batalla 8 planeta 10'),
  (10, 8, 5, 'Evento 5 batalla 8 planeta 10'),
  (10, 9, 1, 'Evento 1 batalla 9 planeta 10'),
  (10, 9, 2, 'Evento 2 batalla 9 planeta 10'),
  (10, 9, 3, 'Evento 3 batalla 9 planeta 10'),
  (10, 9, 4, 'Evento 4 batalla 9 planeta 10'),
  (10, 9, 5, 'Evento 5 batalla 9 planeta 10'),
  (10, 10, 1, 'Evento 1 batalla 10 planeta 10'),
  (10, 10, 2, 'Evento 2 batalla 10 planeta 10'),
  (10, 10, 3, 'Evento 3 batalla 10 planeta 10'),
  (10, 10, 4, 'Evento 4 batalla 10 planeta 10'),
  (10, 10, 5, 'Evento 5 batalla 10 planeta 10'),
  (10, 11, 1, 'Evento 1 batalla 11 planeta 10'),
  (10, 11, 2, 'Evento 2 batalla 11 planeta 10'),
  (10, 11, 3, 'Evento 3 batalla 11 planeta 10'),
  (10, 11, 4, 'Evento 4 batalla 11 planeta 10'),
  (10, 11, 5, 'Evento 5 batalla 11 planeta 10'),
  (10, 12, 1, 'Evento 1 batalla 12 planeta 10'),
  (10, 12, 2, 'Evento 2 batalla 12 planeta 10'),
  (10, 12, 3, 'Evento 3 batalla 12 planeta 10'),
  (10, 12, 4, 'Evento 4 batalla 12 planeta 10'),
  (10, 12, 5, 'Evento 5 batalla 12 planeta 10'),
  (10, 13, 1, 'Evento 1 batalla 13 planeta 10'),
  (10, 13, 2, 'Evento 2 batalla 13 planeta 10'),
  (10, 13, 3, 'Evento 3 batalla 13 planeta 10'),
  (10, 13, 4, 'Evento 4 batalla 13 planeta 10'),
  (10, 13, 5, 'Evento 5 batalla 13 planeta 10'),
  (10, 14, 1, 'Evento 1 batalla 14 planeta 10'),
  (10, 14, 2, 'Evento 2 batalla 14 planeta 10'),
  (10, 14, 3, 'Evento 3 batalla 14 planeta 10'),
  (10, 14, 4, 'Evento 4 batalla 14 planeta 10'),
  (10, 14, 5, 'Evento 5 batalla 14 planeta 10'),
  (10, 15, 1, 'Evento 1 batalla 15 planeta 10'),
  (10, 15, 2, 'Evento 2 batalla 15 planeta 10'),
  (10, 15, 3, 'Evento 3 batalla 15 planeta 10'),
  (10, 15, 4, 'Evento 4 batalla 15 planeta 10'),
  (10, 15, 5, 'Evento 5 batalla 15 planeta 10'),
  (10, 16, 1, 'Evento 1 batalla 16 planeta 10'),
  (10, 16, 2, 'Evento 2 batalla 16 planeta 10'),
  (10, 16, 3, 'Evento 3 batalla 16 planeta 10'),
  (10, 16, 4, 'Evento 4 batalla 16 planeta 10'),
  (10, 16, 5, 'Evento 5 batalla 16 planeta 10'),
  (10, 17, 1, 'Evento 1 batalla 17 planeta 10'),
  (10, 17, 2, 'Evento 2 batalla 17 planeta 10'),
  (10, 17, 3, 'Evento 3 batalla 17 planeta 10'),
  (10, 17, 4, 'Evento 4 batalla 17 planeta 10'),
  (10, 17, 5, 'Evento 5 batalla 17 planeta 10'),
  (10, 18, 1, 'Evento 1 batalla 18 planeta 10'),
  (10, 18, 2, 'Evento 2 batalla 18 planeta 10'),
  (10, 18, 3, 'Evento 3 batalla 18 planeta 10'),
  (10, 18, 4, 'Evento 4 batalla 18 planeta 10'),
  (10, 18, 5, 'Evento 5 batalla 18 planeta 10'),
  (10, 19, 1, 'Evento 1 batalla 19 planeta 10'),
  (10, 19, 2, 'Evento 2 batalla 19 planeta 10'),
  (10, 19, 3, 'Evento 3 batalla 19 planeta 10'),
  (10, 19, 4, 'Evento 4 batalla 19 planeta 10'),
  (10, 19, 5, 'Evento 5 batalla 19 planeta 10'),
  (10, 20, 1, 'Evento 1 batalla 20 planeta 10'),
  (10, 20, 2, 'Evento 2 batalla 20 planeta 10'),
  (10, 20, 3, 'Evento 3 batalla 20 planeta 10'),
  (10, 20, 4, 'Evento 4 batalla 20 planeta 10'),
  (10, 20, 5, 'Evento 5 batalla 20 planeta 10'),
  (11, 1, 1, 'Evento 1 batalla 1 planeta 11'),
  (11, 1, 2, 'Evento 2 batalla 1 planeta 11'),
  (11, 1, 3, 'Evento 3 batalla 1 planeta 11'),
  (11, 1, 4, 'Evento 4 batalla 1 planeta 11'),
  (11, 1, 5, 'Evento 5 batalla 1 planeta 11'),
  (11, 2, 1, 'Evento 1 batalla 2 planeta 11'),
  (11, 2, 2, 'Evento 2 batalla 2 planeta 11'),
  (11, 2, 3, 'Evento 3 batalla 2 planeta 11'),
  (11, 2, 4, 'Evento 4 batalla 2 planeta 11'),
  (11, 2, 5, 'Evento 5 batalla 2 planeta 11'),
  (11, 3, 1, 'Evento 1 batalla 3 planeta 11'),
  (11, 3, 2, 'Evento 2 batalla 3 planeta 11'),
  (11, 3, 3, 'Evento 3 batalla 3 planeta 11'),
  (11, 3, 4, 'Evento 4 batalla 3 planeta 11'),
  (11, 3, 5, 'Evento 5 batalla 3 planeta 11'),
  (11, 4, 1, 'Evento 1 batalla 4 planeta 11'),
  (11, 4, 2, 'Evento 2 batalla 4 planeta 11'),
  (11, 4, 3, 'Evento 3 batalla 4 planeta 11'),
  (11, 4, 4, 'Evento 4 batalla 4 planeta 11'),
  (11, 4, 5, 'Evento 5 batalla 4 planeta 11'),
  (11, 5, 1, 'Evento 1 batalla 5 planeta 11'),
  (11, 5, 2, 'Evento 2 batalla 5 planeta 11'),
  (11, 5, 3, 'Evento 3 batalla 5 planeta 11'),
  (11, 5, 4, 'Evento 4 batalla 5 planeta 11'),
  (11, 5, 5, 'Evento 5 batalla 5 planeta 11'),
  (11, 6, 1, 'Evento 1 batalla 6 planeta 11'),
  (11, 6, 2, 'Evento 2 batalla 6 planeta 11'),
  (11, 6, 3, 'Evento 3 batalla 6 planeta 11'),
  (11, 6, 4, 'Evento 4 batalla 6 planeta 11'),
  (11, 6, 5, 'Evento 5 batalla 6 planeta 11'),
  (11, 7, 1, 'Evento 1 batalla 7 planeta 11'),
  (11, 7, 2, 'Evento 2 batalla 7 planeta 11'),
  (11, 7, 3, 'Evento 3 batalla 7 planeta 11'),
  (11, 7, 4, 'Evento 4 batalla 7 planeta 11'),
  (11, 7, 5, 'Evento 5 batalla 7 planeta 11'),
  (11, 8, 1, 'Evento 1 batalla 8 planeta 11'),
  (11, 8, 2, 'Evento 2 batalla 8 planeta 11'),
  (11, 8, 3, 'Evento 3 batalla 8 planeta 11'),
  (11, 8, 4, 'Evento 4 batalla 8 planeta 11'),
  (11, 8, 5, 'Evento 5 batalla 8 planeta 11'),
  (11, 9, 1, 'Evento 1 batalla 9 planeta 11'),
  (11, 9, 2, 'Evento 2 batalla 9 planeta 11'),
  (11, 9, 3, 'Evento 3 batalla 9 planeta 11'),
  (11, 9, 4, 'Evento 4 batalla 9 planeta 11'),
  (11, 9, 5, 'Evento 5 batalla 9 planeta 11'),
  (11, 10, 1, 'Evento 1 batalla 10 planeta 11'),
  (11, 10, 2, 'Evento 2 batalla 10 planeta 11'),
  (11, 10, 3, 'Evento 3 batalla 10 planeta 11'),
  (11, 10, 4, 'Evento 4 batalla 10 planeta 11'),
  (11, 10, 5, 'Evento 5 batalla 10 planeta 11'),
  (11, 11, 1, 'Evento 1 batalla 11 planeta 11'),
  (11, 11, 2, 'Evento 2 batalla 11 planeta 11'),
  (11, 11, 3, 'Evento 3 batalla 11 planeta 11'),
  (11, 11, 4, 'Evento 4 batalla 11 planeta 11'),
  (11, 11, 5, 'Evento 5 batalla 11 planeta 11'),
  (11, 12, 1, 'Evento 1 batalla 12 planeta 11'),
  (11, 12, 2, 'Evento 2 batalla 12 planeta 11'),
  (11, 12, 3, 'Evento 3 batalla 12 planeta 11'),
  (11, 12, 4, 'Evento 4 batalla 12 planeta 11'),
  (11, 12, 5, 'Evento 5 batalla 12 planeta 11'),
  (11, 13, 1, 'Evento 1 batalla 13 planeta 11'),
  (11, 13, 2, 'Evento 2 batalla 13 planeta 11'),
  (11, 13, 3, 'Evento 3 batalla 13 planeta 11'),
  (11, 13, 4, 'Evento 4 batalla 13 planeta 11'),
  (11, 13, 5, 'Evento 5 batalla 13 planeta 11'),
  (11, 14, 1, 'Evento 1 batalla 14 planeta 11'),
  (11, 14, 2, 'Evento 2 batalla 14 planeta 11'),
  (11, 14, 3, 'Evento 3 batalla 14 planeta 11'),
  (11, 14, 4, 'Evento 4 batalla 14 planeta 11'),
  (11, 14, 5, 'Evento 5 batalla 14 planeta 11'),
  (11, 15, 1, 'Evento 1 batalla 15 planeta 11'),
  (11, 15, 2, 'Evento 2 batalla 15 planeta 11'),
  (11, 15, 3, 'Evento 3 batalla 15 planeta 11'),
  (11, 15, 4, 'Evento 4 batalla 15 planeta 11'),
  (11, 15, 5, 'Evento 5 batalla 15 planeta 11'),
  (11, 16, 1, 'Evento 1 batalla 16 planeta 11'),
  (11, 16, 2, 'Evento 2 batalla 16 planeta 11'),
  (11, 16, 3, 'Evento 3 batalla 16 planeta 11'),
  (11, 16, 4, 'Evento 4 batalla 16 planeta 11'),
  (11, 16, 5, 'Evento 5 batalla 16 planeta 11'),
  (11, 17, 1, 'Evento 1 batalla 17 planeta 11'),
  (11, 17, 2, 'Evento 2 batalla 17 planeta 11'),
  (11, 17, 3, 'Evento 3 batalla 17 planeta 11'),
  (11, 17, 4, 'Evento 4 batalla 17 planeta 11'),
  (11, 17, 5, 'Evento 5 batalla 17 planeta 11'),
  (11, 18, 1, 'Evento 1 batalla 18 planeta 11'),
  (11, 18, 2, 'Evento 2 batalla 18 planeta 11'),
  (11, 18, 3, 'Evento 3 batalla 18 planeta 11'),
  (11, 18, 4, 'Evento 4 batalla 18 planeta 11'),
  (11, 18, 5, 'Evento 5 batalla 18 planeta 11'),
  (11, 19, 1, 'Evento 1 batalla 19 planeta 11'),
  (11, 19, 2, 'Evento 2 batalla 19 planeta 11'),
  (11, 19, 3, 'Evento 3 batalla 19 planeta 11'),
  (11, 19, 4, 'Evento 4 batalla 19 planeta 11'),
  (11, 19, 5, 'Evento 5 batalla 19 planeta 11'),
  (11, 20, 1, 'Evento 1 batalla 20 planeta 11'),
  (11, 20, 2, 'Evento 2 batalla 20 planeta 11'),
  (11, 20, 3, 'Evento 3 batalla 20 planeta 11'),
  (11, 20, 4, 'Evento 4 batalla 20 planeta 11'),
  (11, 20, 5, 'Evento 5 batalla 20 planeta 11'),
  (12, 1, 1, 'Evento 1 batalla 1 planeta 12'),
  (12, 1, 2, 'Evento 2 batalla 1 planeta 12'),
  (12, 1, 3, 'Evento 3 batalla 1 planeta 12'),
  (12, 1, 4, 'Evento 4 batalla 1 planeta 12'),
  (12, 1, 5, 'Evento 5 batalla 1 planeta 12'),
  (12, 2, 1, 'Evento 1 batalla 2 planeta 12'),
  (12, 2, 2, 'Evento 2 batalla 2 planeta 12'),
  (12, 2, 3, 'Evento 3 batalla 2 planeta 12'),
  (12, 2, 4, 'Evento 4 batalla 2 planeta 12'),
  (12, 2, 5, 'Evento 5 batalla 2 planeta 12'),
  (12, 3, 1, 'Evento 1 batalla 3 planeta 12'),
  (12, 3, 2, 'Evento 2 batalla 3 planeta 12'),
  (12, 3, 3, 'Evento 3 batalla 3 planeta 12'),
  (12, 3, 4, 'Evento 4 batalla 3 planeta 12'),
  (12, 3, 5, 'Evento 5 batalla 3 planeta 12'),
  (12, 4, 1, 'Evento 1 batalla 4 planeta 12'),
  (12, 4, 2, 'Evento 2 batalla 4 planeta 12'),
  (12, 4, 3, 'Evento 3 batalla 4 planeta 12'),
  (12, 4, 4, 'Evento 4 batalla 4 planeta 12'),
  (12, 4, 5, 'Evento 5 batalla 4 planeta 12'),
  (12, 5, 1, 'Evento 1 batalla 5 planeta 12'),
  (12, 5, 2, 'Evento 2 batalla 5 planeta 12'),
  (12, 5, 3, 'Evento 3 batalla 5 planeta 12'),
  (12, 5, 4, 'Evento 4 batalla 5 planeta 12'),
  (12, 5, 5, 'Evento 5 batalla 5 planeta 12'),
  (12, 6, 1, 'Evento 1 batalla 6 planeta 12'),
  (12, 6, 2, 'Evento 2 batalla 6 planeta 12'),
  (12, 6, 3, 'Evento 3 batalla 6 planeta 12'),
  (12, 6, 4, 'Evento 4 batalla 6 planeta 12'),
  (12, 6, 5, 'Evento 5 batalla 6 planeta 12'),
  (12, 7, 1, 'Evento 1 batalla 7 planeta 12'),
  (12, 7, 2, 'Evento 2 batalla 7 planeta 12'),
  (12, 7, 3, 'Evento 3 batalla 7 planeta 12'),
  (12, 7, 4, 'Evento 4 batalla 7 planeta 12'),
  (12, 7, 5, 'Evento 5 batalla 7 planeta 12'),
  (12, 8, 1, 'Evento 1 batalla 8 planeta 12'),
  (12, 8, 2, 'Evento 2 batalla 8 planeta 12'),
  (12, 8, 3, 'Evento 3 batalla 8 planeta 12'),
  (12, 8, 4, 'Evento 4 batalla 8 planeta 12'),
  (12, 8, 5, 'Evento 5 batalla 8 planeta 12'),
  (12, 9, 1, 'Evento 1 batalla 9 planeta 12'),
  (12, 9, 2, 'Evento 2 batalla 9 planeta 12'),
  (12, 9, 3, 'Evento 3 batalla 9 planeta 12'),
  (12, 9, 4, 'Evento 4 batalla 9 planeta 12'),
  (12, 9, 5, 'Evento 5 batalla 9 planeta 12'),
  (12, 10, 1, 'Evento 1 batalla 10 planeta 12'),
  (12, 10, 2, 'Evento 2 batalla 10 planeta 12'),
  (12, 10, 3, 'Evento 3 batalla 10 planeta 12'),
  (12, 10, 4, 'Evento 4 batalla 10 planeta 12'),
  (12, 10, 5, 'Evento 5 batalla 10 planeta 12'),
  (12, 11, 1, 'Evento 1 batalla 11 planeta 12'),
  (12, 11, 2, 'Evento 2 batalla 11 planeta 12'),
  (12, 11, 3, 'Evento 3 batalla 11 planeta 12'),
  (12, 11, 4, 'Evento 4 batalla 11 planeta 12'),
  (12, 11, 5, 'Evento 5 batalla 11 planeta 12'),
  (12, 12, 1, 'Evento 1 batalla 12 planeta 12'),
  (12, 12, 2, 'Evento 2 batalla 12 planeta 12'),
  (12, 12, 3, 'Evento 3 batalla 12 planeta 12'),
  (12, 12, 4, 'Evento 4 batalla 12 planeta 12'),
  (12, 12, 5, 'Evento 5 batalla 12 planeta 12'),
  (12, 13, 1, 'Evento 1 batalla 13 planeta 12'),
  (12, 13, 2, 'Evento 2 batalla 13 planeta 12'),
  (12, 13, 3, 'Evento 3 batalla 13 planeta 12'),
  (12, 13, 4, 'Evento 4 batalla 13 planeta 12'),
  (12, 13, 5, 'Evento 5 batalla 13 planeta 12'),
  (12, 14, 1, 'Evento 1 batalla 14 planeta 12'),
  (12, 14, 2, 'Evento 2 batalla 14 planeta 12'),
  (12, 14, 3, 'Evento 3 batalla 14 planeta 12'),
  (12, 14, 4, 'Evento 4 batalla 14 planeta 12'),
  (12, 14, 5, 'Evento 5 batalla 14 planeta 12'),
  (12, 15, 1, 'Evento 1 batalla 15 planeta 12'),
  (12, 15, 2, 'Evento 2 batalla 15 planeta 12'),
  (12, 15, 3, 'Evento 3 batalla 15 planeta 12'),
  (12, 15, 4, 'Evento 4 batalla 15 planeta 12'),
  (12, 15, 5, 'Evento 5 batalla 15 planeta 12'),
  (12, 16, 1, 'Evento 1 batalla 16 planeta 12'),
  (12, 16, 2, 'Evento 2 batalla 16 planeta 12'),
  (12, 16, 3, 'Evento 3 batalla 16 planeta 12'),
  (12, 16, 4, 'Evento 4 batalla 16 planeta 12'),
  (12, 16, 5, 'Evento 5 batalla 16 planeta 12'),
  (12, 17, 1, 'Evento 1 batalla 17 planeta 12'),
  (12, 17, 2, 'Evento 2 batalla 17 planeta 12'),
  (12, 17, 3, 'Evento 3 batalla 17 planeta 12'),
  (12, 17, 4, 'Evento 4 batalla 17 planeta 12'),
  (12, 17, 5, 'Evento 5 batalla 17 planeta 12'),
  (12, 18, 1, 'Evento 1 batalla 18 planeta 12'),
  (12, 18, 2, 'Evento 2 batalla 18 planeta 12'),
  (12, 18, 3, 'Evento 3 batalla 18 planeta 12'),
  (12, 18, 4, 'Evento 4 batalla 18 planeta 12'),
  (12, 18, 5, 'Evento 5 batalla 18 planeta 12'),
  (12, 19, 1, 'Evento 1 batalla 19 planeta 12'),
  (12, 19, 2, 'Evento 2 batalla 19 planeta 12'),
  (12, 19, 3, 'Evento 3 batalla 19 planeta 12'),
  (12, 19, 4, 'Evento 4 batalla 19 planeta 12'),
  (12, 19, 5, 'Evento 5 batalla 19 planeta 12'),
  (12, 20, 1, 'Evento 1 batalla 20 planeta 12'),
  (12, 20, 2, 'Evento 2 batalla 20 planeta 12'),
  (12, 20, 3, 'Evento 3 batalla 20 planeta 12'),
  (12, 20, 4, 'Evento 4 batalla 20 planeta 12'),
  (12, 20, 5, 'Evento 5 batalla 20 planeta 12'),
  (13, 1, 1, 'Evento 1 batalla 1 planeta 13'),
  (13, 1, 2, 'Evento 2 batalla 1 planeta 13'),
  (13, 1, 3, 'Evento 3 batalla 1 planeta 13'),
  (13, 1, 4, 'Evento 4 batalla 1 planeta 13'),
  (13, 1, 5, 'Evento 5 batalla 1 planeta 13'),
  (13, 2, 1, 'Evento 1 batalla 2 planeta 13'),
  (13, 2, 2, 'Evento 2 batalla 2 planeta 13'),
  (13, 2, 3, 'Evento 3 batalla 2 planeta 13'),
  (13, 2, 4, 'Evento 4 batalla 2 planeta 13'),
  (13, 2, 5, 'Evento 5 batalla 2 planeta 13'),
  (13, 3, 1, 'Evento 1 batalla 3 planeta 13'),
  (13, 3, 2, 'Evento 2 batalla 3 planeta 13'),
  (13, 3, 3, 'Evento 3 batalla 3 planeta 13'),
  (13, 3, 4, 'Evento 4 batalla 3 planeta 13'),
  (13, 3, 5, 'Evento 5 batalla 3 planeta 13'),
  (13, 4, 1, 'Evento 1 batalla 4 planeta 13'),
  (13, 4, 2, 'Evento 2 batalla 4 planeta 13'),
  (13, 4, 3, 'Evento 3 batalla 4 planeta 13'),
  (13, 4, 4, 'Evento 4 batalla 4 planeta 13'),
  (13, 4, 5, 'Evento 5 batalla 4 planeta 13'),
  (13, 5, 1, 'Evento 1 batalla 5 planeta 13'),
  (13, 5, 2, 'Evento 2 batalla 5 planeta 13'),
  (13, 5, 3, 'Evento 3 batalla 5 planeta 13'),
  (13, 5, 4, 'Evento 4 batalla 5 planeta 13'),
  (13, 5, 5, 'Evento 5 batalla 5 planeta 13'),
  (13, 6, 1, 'Evento 1 batalla 6 planeta 13'),
  (13, 6, 2, 'Evento 2 batalla 6 planeta 13'),
  (13, 6, 3, 'Evento 3 batalla 6 planeta 13'),
  (13, 6, 4, 'Evento 4 batalla 6 planeta 13'),
  (13, 6, 5, 'Evento 5 batalla 6 planeta 13'),
  (13, 7, 1, 'Evento 1 batalla 7 planeta 13'),
  (13, 7, 2, 'Evento 2 batalla 7 planeta 13'),
  (13, 7, 3, 'Evento 3 batalla 7 planeta 13'),
  (13, 7, 4, 'Evento 4 batalla 7 planeta 13'),
  (13, 7, 5, 'Evento 5 batalla 7 planeta 13'),
  (13, 8, 1, 'Evento 1 batalla 8 planeta 13'),
  (13, 8, 2, 'Evento 2 batalla 8 planeta 13'),
  (13, 8, 3, 'Evento 3 batalla 8 planeta 13'),
  (13, 8, 4, 'Evento 4 batalla 8 planeta 13'),
  (13, 8, 5, 'Evento 5 batalla 8 planeta 13'),
  (13, 9, 1, 'Evento 1 batalla 9 planeta 13'),
  (13, 9, 2, 'Evento 2 batalla 9 planeta 13'),
  (13, 9, 3, 'Evento 3 batalla 9 planeta 13'),
  (13, 9, 4, 'Evento 4 batalla 9 planeta 13'),
  (13, 9, 5, 'Evento 5 batalla 9 planeta 13'),
  (13, 10, 1, 'Evento 1 batalla 10 planeta 13'),
  (13, 10, 2, 'Evento 2 batalla 10 planeta 13'),
  (13, 10, 3, 'Evento 3 batalla 10 planeta 13'),
  (13, 10, 4, 'Evento 4 batalla 10 planeta 13'),
  (13, 10, 5, 'Evento 5 batalla 10 planeta 13'),
  (13, 11, 1, 'Evento 1 batalla 11 planeta 13'),
  (13, 11, 2, 'Evento 2 batalla 11 planeta 13'),
  (13, 11, 3, 'Evento 3 batalla 11 planeta 13'),
  (13, 11, 4, 'Evento 4 batalla 11 planeta 13'),
  (13, 11, 5, 'Evento 5 batalla 11 planeta 13'),
  (13, 12, 1, 'Evento 1 batalla 12 planeta 13'),
  (13, 12, 2, 'Evento 2 batalla 12 planeta 13'),
  (13, 12, 3, 'Evento 3 batalla 12 planeta 13'),
  (13, 12, 4, 'Evento 4 batalla 12 planeta 13'),
  (13, 12, 5, 'Evento 5 batalla 12 planeta 13'),
  (13, 13, 1, 'Evento 1 batalla 13 planeta 13'),
  (13, 13, 2, 'Evento 2 batalla 13 planeta 13'),
  (13, 13, 3, 'Evento 3 batalla 13 planeta 13'),
  (13, 13, 4, 'Evento 4 batalla 13 planeta 13'),
  (13, 13, 5, 'Evento 5 batalla 13 planeta 13'),
  (13, 14, 1, 'Evento 1 batalla 14 planeta 13'),
  (13, 14, 2, 'Evento 2 batalla 14 planeta 13'),
  (13, 14, 3, 'Evento 3 batalla 14 planeta 13'),
  (13, 14, 4, 'Evento 4 batalla 14 planeta 13'),
  (13, 14, 5, 'Evento 5 batalla 14 planeta 13'),
  (13, 15, 1, 'Evento 1 batalla 15 planeta 13'),
  (13, 15, 2, 'Evento 2 batalla 15 planeta 13'),
  (13, 15, 3, 'Evento 3 batalla 15 planeta 13'),
  (13, 15, 4, 'Evento 4 batalla 15 planeta 13'),
  (13, 15, 5, 'Evento 5 batalla 15 planeta 13'),
  (13, 16, 1, 'Evento 1 batalla 16 planeta 13'),
  (13, 16, 2, 'Evento 2 batalla 16 planeta 13'),
  (13, 16, 3, 'Evento 3 batalla 16 planeta 13'),
  (13, 16, 4, 'Evento 4 batalla 16 planeta 13'),
  (13, 16, 5, 'Evento 5 batalla 16 planeta 13'),
  (13, 17, 1, 'Evento 1 batalla 17 planeta 13'),
  (13, 17, 2, 'Evento 2 batalla 17 planeta 13'),
  (13, 17, 3, 'Evento 3 batalla 17 planeta 13'),
  (13, 17, 4, 'Evento 4 batalla 17 planeta 13'),
  (13, 17, 5, 'Evento 5 batalla 17 planeta 13'),
  (13, 18, 1, 'Evento 1 batalla 18 planeta 13'),
  (13, 18, 2, 'Evento 2 batalla 18 planeta 13'),
  (13, 18, 3, 'Evento 3 batalla 18 planeta 13'),
  (13, 18, 4, 'Evento 4 batalla 18 planeta 13'),
  (13, 18, 5, 'Evento 5 batalla 18 planeta 13'),
  (13, 19, 1, 'Evento 1 batalla 19 planeta 13'),
  (13, 19, 2, 'Evento 2 batalla 19 planeta 13'),
  (13, 19, 3, 'Evento 3 batalla 19 planeta 13'),
  (13, 19, 4, 'Evento 4 batalla 19 planeta 13'),
  (13, 19, 5, 'Evento 5 batalla 19 planeta 13'),
  (13, 20, 1, 'Evento 1 batalla 20 planeta 13'),
  (13, 20, 2, 'Evento 2 batalla 20 planeta 13'),
  (13, 20, 3, 'Evento 3 batalla 20 planeta 13'),
  (13, 20, 4, 'Evento 4 batalla 20 planeta 13'),
  (13, 20, 5, 'Evento 5 batalla 20 planeta 13'),
  (14, 1, 1, 'Evento 1 batalla 1 planeta 14'),
  (14, 1, 2, 'Evento 2 batalla 1 planeta 14'),
  (14, 1, 3, 'Evento 3 batalla 1 planeta 14'),
  (14, 1, 4, 'Evento 4 batalla 1 planeta 14'),
  (14, 1, 5, 'Evento 5 batalla 1 planeta 14'),
  (14, 2, 1, 'Evento 1 batalla 2 planeta 14'),
  (14, 2, 2, 'Evento 2 batalla 2 planeta 14'),
  (14, 2, 3, 'Evento 3 batalla 2 planeta 14'),
  (14, 2, 4, 'Evento 4 batalla 2 planeta 14'),
  (14, 2, 5, 'Evento 5 batalla 2 planeta 14'),
  (14, 3, 1, 'Evento 1 batalla 3 planeta 14'),
  (14, 3, 2, 'Evento 2 batalla 3 planeta 14'),
  (14, 3, 3, 'Evento 3 batalla 3 planeta 14'),
  (14, 3, 4, 'Evento 4 batalla 3 planeta 14'),
  (14, 3, 5, 'Evento 5 batalla 3 planeta 14'),
  (14, 4, 1, 'Evento 1 batalla 4 planeta 14'),
  (14, 4, 2, 'Evento 2 batalla 4 planeta 14'),
  (14, 4, 3, 'Evento 3 batalla 4 planeta 14'),
  (14, 4, 4, 'Evento 4 batalla 4 planeta 14'),
  (14, 4, 5, 'Evento 5 batalla 4 planeta 14'),
  (14, 5, 1, 'Evento 1 batalla 5 planeta 14'),
  (14, 5, 2, 'Evento 2 batalla 5 planeta 14'),
  (14, 5, 3, 'Evento 3 batalla 5 planeta 14'),
  (14, 5, 4, 'Evento 4 batalla 5 planeta 14'),
  (14, 5, 5, 'Evento 5 batalla 5 planeta 14'),
  (14, 6, 1, 'Evento 1 batalla 6 planeta 14'),
  (14, 6, 2, 'Evento 2 batalla 6 planeta 14'),
  (14, 6, 3, 'Evento 3 batalla 6 planeta 14'),
  (14, 6, 4, 'Evento 4 batalla 6 planeta 14'),
  (14, 6, 5, 'Evento 5 batalla 6 planeta 14'),
  (14, 7, 1, 'Evento 1 batalla 7 planeta 14'),
  (14, 7, 2, 'Evento 2 batalla 7 planeta 14'),
  (14, 7, 3, 'Evento 3 batalla 7 planeta 14'),
  (14, 7, 4, 'Evento 4 batalla 7 planeta 14'),
  (14, 7, 5, 'Evento 5 batalla 7 planeta 14'),
  (14, 8, 1, 'Evento 1 batalla 8 planeta 14'),
  (14, 8, 2, 'Evento 2 batalla 8 planeta 14'),
  (14, 8, 3, 'Evento 3 batalla 8 planeta 14'),
  (14, 8, 4, 'Evento 4 batalla 8 planeta 14'),
  (14, 8, 5, 'Evento 5 batalla 8 planeta 14'),
  (14, 9, 1, 'Evento 1 batalla 9 planeta 14'),
  (14, 9, 2, 'Evento 2 batalla 9 planeta 14'),
  (14, 9, 3, 'Evento 3 batalla 9 planeta 14'),
  (14, 9, 4, 'Evento 4 batalla 9 planeta 14'),
  (14, 9, 5, 'Evento 5 batalla 9 planeta 14'),
  (14, 10, 1, 'Evento 1 batalla 10 planeta 14'),
  (14, 10, 2, 'Evento 2 batalla 10 planeta 14'),
  (14, 10, 3, 'Evento 3 batalla 10 planeta 14'),
  (14, 10, 4, 'Evento 4 batalla 10 planeta 14'),
  (14, 10, 5, 'Evento 5 batalla 10 planeta 14'),
  (14, 11, 1, 'Evento 1 batalla 11 planeta 14'),
  (14, 11, 2, 'Evento 2 batalla 11 planeta 14'),
  (14, 11, 3, 'Evento 3 batalla 11 planeta 14'),
  (14, 11, 4, 'Evento 4 batalla 11 planeta 14'),
  (14, 11, 5, 'Evento 5 batalla 11 planeta 14'),
  (14, 12, 1, 'Evento 1 batalla 12 planeta 14'),
  (14, 12, 2, 'Evento 2 batalla 12 planeta 14'),
  (14, 12, 3, 'Evento 3 batalla 12 planeta 14'),
  (14, 12, 4, 'Evento 4 batalla 12 planeta 14'),
  (14, 12, 5, 'Evento 5 batalla 12 planeta 14'),
  (14, 13, 1, 'Evento 1 batalla 13 planeta 14'),
  (14, 13, 2, 'Evento 2 batalla 13 planeta 14'),
  (14, 13, 3, 'Evento 3 batalla 13 planeta 14'),
  (14, 13, 4, 'Evento 4 batalla 13 planeta 14'),
  (14, 13, 5, 'Evento 5 batalla 13 planeta 14'),
  (14, 14, 1, 'Evento 1 batalla 14 planeta 14'),
  (14, 14, 2, 'Evento 2 batalla 14 planeta 14'),
  (14, 14, 3, 'Evento 3 batalla 14 planeta 14'),
  (14, 14, 4, 'Evento 4 batalla 14 planeta 14'),
  (14, 14, 5, 'Evento 5 batalla 14 planeta 14'),
  (14, 15, 1, 'Evento 1 batalla 15 planeta 14'),
  (14, 15, 2, 'Evento 2 batalla 15 planeta 14'),
  (14, 15, 3, 'Evento 3 batalla 15 planeta 14'),
  (14, 15, 4, 'Evento 4 batalla 15 planeta 14'),
  (14, 15, 5, 'Evento 5 batalla 15 planeta 14'),
  (14, 16, 1, 'Evento 1 batalla 16 planeta 14'),
  (14, 16, 2, 'Evento 2 batalla 16 planeta 14'),
  (14, 16, 3, 'Evento 3 batalla 16 planeta 14'),
  (14, 16, 4, 'Evento 4 batalla 16 planeta 14'),
  (14, 16, 5, 'Evento 5 batalla 16 planeta 14'),
  (14, 17, 1, 'Evento 1 batalla 17 planeta 14'),
  (14, 17, 2, 'Evento 2 batalla 17 planeta 14'),
  (14, 17, 3, 'Evento 3 batalla 17 planeta 14'),
  (14, 17, 4, 'Evento 4 batalla 17 planeta 14'),
  (14, 17, 5, 'Evento 5 batalla 17 planeta 14'),
  (14, 18, 1, 'Evento 1 batalla 18 planeta 14'),
  (14, 18, 2, 'Evento 2 batalla 18 planeta 14'),
  (14, 18, 3, 'Evento 3 batalla 18 planeta 14'),
  (14, 18, 4, 'Evento 4 batalla 18 planeta 14'),
  (14, 18, 5, 'Evento 5 batalla 18 planeta 14'),
  (14, 19, 1, 'Evento 1 batalla 19 planeta 14'),
  (14, 19, 2, 'Evento 2 batalla 19 planeta 14'),
  (14, 19, 3, 'Evento 3 batalla 19 planeta 14'),
  (14, 19, 4, 'Evento 4 batalla 19 planeta 14'),
  (14, 19, 5, 'Evento 5 batalla 19 planeta 14'),
  (14, 20, 1, 'Evento 1 batalla 20 planeta 14'),
  (14, 20, 2, 'Evento 2 batalla 20 planeta 14'),
  (14, 20, 3, 'Evento 3 batalla 20 planeta 14'),
  (14, 20, 4, 'Evento 4 batalla 20 planeta 14'),
  (14, 20, 5, 'Evento 5 batalla 20 planeta 14'),
  (15, 1, 1, 'Evento 1 batalla 1 planeta 15'),
  (15, 1, 2, 'Evento 2 batalla 1 planeta 15'),
  (15, 1, 3, 'Evento 3 batalla 1 planeta 15'),
  (15, 1, 4, 'Evento 4 batalla 1 planeta 15'),
  (15, 1, 5, 'Evento 5 batalla 1 planeta 15'),
  (15, 2, 1, 'Evento 1 batalla 2 planeta 15'),
  (15, 2, 2, 'Evento 2 batalla 2 planeta 15'),
  (15, 2, 3, 'Evento 3 batalla 2 planeta 15'),
  (15, 2, 4, 'Evento 4 batalla 2 planeta 15'),
  (15, 2, 5, 'Evento 5 batalla 2 planeta 15'),
  (15, 3, 1, 'Evento 1 batalla 3 planeta 15'),
  (15, 3, 2, 'Evento 2 batalla 3 planeta 15'),
  (15, 3, 3, 'Evento 3 batalla 3 planeta 15'),
  (15, 3, 4, 'Evento 4 batalla 3 planeta 15'),
  (15, 3, 5, 'Evento 5 batalla 3 planeta 15'),
  (15, 4, 1, 'Evento 1 batalla 4 planeta 15'),
  (15, 4, 2, 'Evento 2 batalla 4 planeta 15'),
  (15, 4, 3, 'Evento 3 batalla 4 planeta 15'),
  (15, 4, 4, 'Evento 4 batalla 4 planeta 15'),
  (15, 4, 5, 'Evento 5 batalla 4 planeta 15'),
  (15, 5, 1, 'Evento 1 batalla 5 planeta 15'),
  (15, 5, 2, 'Evento 2 batalla 5 planeta 15'),
  (15, 5, 3, 'Evento 3 batalla 5 planeta 15'),
  (15, 5, 4, 'Evento 4 batalla 5 planeta 15'),
  (15, 5, 5, 'Evento 5 batalla 5 planeta 15'),
  (15, 6, 1, 'Evento 1 batalla 6 planeta 15'),
  (15, 6, 2, 'Evento 2 batalla 6 planeta 15'),
  (15, 6, 3, 'Evento 3 batalla 6 planeta 15'),
  (15, 6, 4, 'Evento 4 batalla 6 planeta 15'),
  (15, 6, 5, 'Evento 5 batalla 6 planeta 15'),
  (15, 7, 1, 'Evento 1 batalla 7 planeta 15'),
  (15, 7, 2, 'Evento 2 batalla 7 planeta 15'),
  (15, 7, 3, 'Evento 3 batalla 7 planeta 15'),
  (15, 7, 4, 'Evento 4 batalla 7 planeta 15'),
  (15, 7, 5, 'Evento 5 batalla 7 planeta 15'),
  (15, 8, 1, 'Evento 1 batalla 8 planeta 15'),
  (15, 8, 2, 'Evento 2 batalla 8 planeta 15'),
  (15, 8, 3, 'Evento 3 batalla 8 planeta 15'),
  (15, 8, 4, 'Evento 4 batalla 8 planeta 15'),
  (15, 8, 5, 'Evento 5 batalla 8 planeta 15'),
  (15, 9, 1, 'Evento 1 batalla 9 planeta 15'),
  (15, 9, 2, 'Evento 2 batalla 9 planeta 15'),
  (15, 9, 3, 'Evento 3 batalla 9 planeta 15'),
  (15, 9, 4, 'Evento 4 batalla 9 planeta 15'),
  (15, 9, 5, 'Evento 5 batalla 9 planeta 15'),
  (15, 10, 1, 'Evento 1 batalla 10 planeta 15'),
  (15, 10, 2, 'Evento 2 batalla 10 planeta 15'),
  (15, 10, 3, 'Evento 3 batalla 10 planeta 15'),
  (15, 10, 4, 'Evento 4 batalla 10 planeta 15'),
  (15, 10, 5, 'Evento 5 batalla 10 planeta 15'),
  (15, 11, 1, 'Evento 1 batalla 11 planeta 15'),
  (15, 11, 2, 'Evento 2 batalla 11 planeta 15'),
  (15, 11, 3, 'Evento 3 batalla 11 planeta 15'),
  (15, 11, 4, 'Evento 4 batalla 11 planeta 15'),
  (15, 11, 5, 'Evento 5 batalla 11 planeta 15'),
  (15, 12, 1, 'Evento 1 batalla 12 planeta 15'),
  (15, 12, 2, 'Evento 2 batalla 12 planeta 15'),
  (15, 12, 3, 'Evento 3 batalla 12 planeta 15'),
  (15, 12, 4, 'Evento 4 batalla 12 planeta 15'),
  (15, 12, 5, 'Evento 5 batalla 12 planeta 15'),
  (15, 13, 1, 'Evento 1 batalla 13 planeta 15'),
  (15, 13, 2, 'Evento 2 batalla 13 planeta 15'),
  (15, 13, 3, 'Evento 3 batalla 13 planeta 15'),
  (15, 13, 4, 'Evento 4 batalla 13 planeta 15'),
  (15, 13, 5, 'Evento 5 batalla 13 planeta 15'),
  (15, 14, 1, 'Evento 1 batalla 14 planeta 15'),
  (15, 14, 2, 'Evento 2 batalla 14 planeta 15'),
  (15, 14, 3, 'Evento 3 batalla 14 planeta 15'),
  (15, 14, 4, 'Evento 4 batalla 14 planeta 15'),
  (15, 14, 5, 'Evento 5 batalla 14 planeta 15'),
  (15, 15, 1, 'Evento 1 batalla 15 planeta 15'),
  (15, 15, 2, 'Evento 2 batalla 15 planeta 15'),
  (15, 15, 3, 'Evento 3 batalla 15 planeta 15'),
  (15, 15, 4, 'Evento 4 batalla 15 planeta 15'),
  (15, 15, 5, 'Evento 5 batalla 15 planeta 15'),
  (15, 16, 1, 'Evento 1 batalla 16 planeta 15'),
  (15, 16, 2, 'Evento 2 batalla 16 planeta 15'),
  (15, 16, 3, 'Evento 3 batalla 16 planeta 15'),
  (15, 16, 4, 'Evento 4 batalla 16 planeta 15'),
  (15, 16, 5, 'Evento 5 batalla 16 planeta 15'),
  (15, 17, 1, 'Evento 1 batalla 17 planeta 15'),
  (15, 17, 2, 'Evento 2 batalla 17 planeta 15'),
  (15, 17, 3, 'Evento 3 batalla 17 planeta 15'),
  (15, 17, 4, 'Evento 4 batalla 17 planeta 15'),
  (15, 17, 5, 'Evento 5 batalla 17 planeta 15'),
  (15, 18, 1, 'Evento 1 batalla 18 planeta 15'),
  (15, 18, 2, 'Evento 2 batalla 18 planeta 15'),
  (15, 18, 3, 'Evento 3 batalla 18 planeta 15'),
  (15, 18, 4, 'Evento 4 batalla 18 planeta 15'),
  (15, 18, 5, 'Evento 5 batalla 18 planeta 15'),
  (15, 19, 1, 'Evento 1 batalla 19 planeta 15'),
  (15, 19, 2, 'Evento 2 batalla 19 planeta 15'),
  (15, 19, 3, 'Evento 3 batalla 19 planeta 15'),
  (15, 19, 4, 'Evento 4 batalla 19 planeta 15'),
  (15, 19, 5, 'Evento 5 batalla 19 planeta 15'),
  (15, 20, 1, 'Evento 1 batalla 20 planeta 15'),
  (15, 20, 2, 'Evento 2 batalla 20 planeta 15'),
  (15, 20, 3, 'Evento 3 batalla 20 planeta 15'),
  (15, 20, 4, 'Evento 4 batalla 20 planeta 15'),
  (15, 20, 5, 'Evento 5 batalla 20 planeta 15');

-- 4) Planet_battle_defense
INSERT INTO `planet_battle_defense` (planet_id, num_battle, missile_launcher_built, missile_launcher_destroyed, ion_cannon_built, ion_cannon_destroyed, plasma_cannon_built, plasma_cannon_destroyed) VALUES
  (1, 1, 2, 1, 1, 5, 4, 2),
  (1, 2, 4, 2, 3, 3, 3, 3),
  (1, 3, 0, 0, 5, 2, 5, 2),
  (1, 4, 5, 1, 0, 4, 0, 0),
  (1, 5, 3, 3, 4, 3, 1, 1),
  (1, 6, 4, 3, 1, 5, 1, 5),
  (1, 7, 5, 2, 5, 4, 2, 1),
  (1, 8, 5, 2, 4, 4, 2, 0),
  (1, 9, 4, 5, 4, 2, 2, 2),
  (1, 10, 2, 4, 0, 1, 1, 5),
  (1, 11, 3, 1, 0, 1, 0, 0),
  (1, 12, 0, 3, 3, 2, 2, 2),
  (1, 13, 3, 3, 0, 4, 3, 5),
  (1, 14, 0, 4, 2, 0, 4, 4),
  (1, 15, 4, 1, 4, 3, 2, 3),
  (1, 16, 4, 3, 5, 2, 4, 1),
  (1, 17, 3, 3, 1, 0, 3, 4),
  (1, 18, 4, 3, 2, 2, 3, 2),
  (1, 19, 0, 2, 0, 2, 3, 3),
  (1, 20, 1, 4, 0, 0, 0, 5),
  (2, 1, 1, 5, 0, 3, 1, 4),
  (2, 2, 0, 2, 4, 0, 3, 4),
  (2, 3, 4, 0, 3, 0, 1, 5),
  (2, 4, 4, 2, 0, 5, 2, 3),
  (2, 5, 0, 5, 3, 0, 3, 5),
  (2, 6, 0, 5, 0, 1, 5, 5),
  (2, 7, 2, 3, 3, 5, 0, 2),
  (2, 8, 2, 2, 2, 4, 1, 4),
  (2, 9, 3, 3, 1, 0, 0, 4),
  (2, 10, 4, 4, 4, 2, 1, 4),
  (2, 11, 1, 3, 2, 0, 5, 2),
  (2, 12, 3, 1, 1, 2, 2, 5),
  (2, 13, 3, 4, 5, 1, 2, 5),
  (2, 14, 1, 0, 1, 5, 5, 3),
  (2, 15, 1, 4, 3, 0, 2, 2),
  (2, 16, 2, 5, 3, 5, 2, 3),
  (2, 17, 0, 0, 0, 3, 3, 0),
  (2, 18, 2, 4, 2, 2, 1, 3),
  (2, 19, 1, 3, 0, 2, 0, 1),
  (2, 20, 1, 3, 5, 4, 0, 1),
  (3, 1, 5, 0, 4, 1, 3, 1),
  (3, 2, 5, 3, 3, 1, 2, 0),
  (3, 3, 3, 3, 3, 3, 5, 0),
  (3, 4, 4, 1, 0, 3, 5, 2),
  (3, 5, 0, 0, 3, 3, 0, 3),
  (3, 6, 1, 3, 0, 3, 0, 0),
  (3, 7, 1, 3, 3, 4, 3, 5),
  (3, 8, 5, 4, 1, 2, 0, 3),
  (3, 9, 3, 4, 1, 2, 3, 2),
  (3, 10, 2, 0, 1, 1, 5, 3),
  (3, 11, 5, 3, 2, 3, 5, 3),
  (3, 12, 2, 2, 3, 2, 1, 4),
  (3, 13, 1, 5, 1, 1, 3, 0),
  (3, 14, 3, 3, 2, 2, 3, 4),
  (3, 15, 3, 2, 2, 2, 5, 5),
  (3, 16, 3, 3, 1, 1, 5, 2),
  (3, 17, 1, 0, 0, 5, 5, 2),
  (3, 18, 2, 5, 1, 5, 5, 1),
  (3, 19, 0, 2, 1, 2, 0, 4),
  (3, 20, 4, 0, 2, 0, 1, 0),
  (4, 1, 0, 0, 2, 2, 4, 3),
  (4, 2, 4, 1, 3, 0, 3, 3),
  (4, 3, 5, 5, 2, 2, 4, 5),
  (4, 4, 3, 4, 2, 5, 1, 4),
  (4, 5, 4, 4, 5, 3, 5, 2),
  (4, 6, 0, 3, 5, 4, 1, 3),
  (4, 7, 0, 3, 1, 2, 3, 3),
  (4, 8, 1, 5, 5, 4, 2, 0),
  (4, 9, 4, 1, 2, 1, 1, 4),
  (4, 10, 1, 0, 3, 5, 5, 5),
  (4, 11, 4, 5, 3, 4, 0, 5),
  (4, 12, 0, 1, 4, 4, 3, 4),
  (4, 13, 5, 4, 0, 4, 1, 1),
  (4, 14, 0, 4, 1, 2, 2, 3),
  (4, 15, 0, 5, 3, 3, 0, 5),
  (4, 16, 3, 1, 3, 2, 2, 5),
  (4, 17, 0, 5, 0, 0, 3, 5),
  (4, 18, 2, 1, 0, 3, 5, 4),
  (4, 19, 4, 2, 4, 4, 5, 4),
  (4, 20, 1, 2, 2, 5, 0, 5),
  (5, 1, 5, 3, 4, 0, 0, 4),
  (5, 2, 2, 2, 5, 1, 3, 1),
  (5, 3, 4, 1, 5, 2, 0, 1),
  (5, 4, 4, 0, 1, 5, 1, 3),
  (5, 5, 3, 2, 2, 2, 5, 5),
  (5, 6, 1, 3, 5, 1, 0, 5),
  (5, 7, 5, 3, 1, 5, 5, 3),
  (5, 8, 1, 2, 0, 1, 0, 3),
  (5, 9, 1, 5, 0, 4, 0, 2),
  (5, 10, 5, 2, 4, 5, 0, 3),
  (5, 11, 2, 4, 4, 5, 5, 3),
  (5, 12, 5, 3, 3, 0, 3, 4),
  (5, 13, 3, 0, 0, 4, 3, 0),
  (5, 14, 5, 1, 3, 0, 4, 0),
  (5, 15, 2, 2, 1, 1, 4, 0),
  (5, 16, 0, 0, 1, 5, 3, 3),
  (5, 17, 3, 0, 0, 2, 2, 3),
  (5, 18, 1, 3, 4, 5, 3, 4),
  (5, 19, 3, 5, 2, 3, 4, 4),
  (5, 20, 5, 0, 1, 4, 4, 1),
  (6, 1, 4, 0, 4, 0, 4, 4),
  (6, 2, 2, 3, 0, 2, 4, 0),
  (6, 3, 0, 0, 0, 0, 0, 2),
  (6, 4, 2, 4, 1, 2, 3, 1),
  (6, 5, 5, 4, 0, 0, 2, 1),
  (6, 6, 4, 2, 3, 4, 0, 2),
  (6, 7, 5, 2, 2, 0, 4, 5),
  (6, 8, 0, 3, 2, 5, 3, 0),
  (6, 9, 1, 3, 2, 5, 1, 0),
  (6, 10, 4, 0, 5, 4, 3, 3),
  (6, 11, 1, 0, 3, 3, 2, 2),
  (6, 12, 4, 2, 5, 4, 5, 2),
  (6, 13, 4, 0, 1, 0, 3, 0),
  (6, 14, 4, 3, 0, 0, 2, 4),
  (6, 15, 5, 1, 2, 5, 1, 0),
  (6, 16, 4, 2, 1, 3, 0, 1),
  (6, 17, 4, 0, 0, 0, 3, 2),
  (6, 18, 2, 0, 4, 4, 3, 1),
  (6, 19, 2, 5, 1, 3, 4, 5),
  (6, 20, 2, 3, 1, 4, 3, 2),
  (7, 1, 1, 5, 5, 4, 4, 1),
  (7, 2, 0, 5, 4, 2, 4, 3),
  (7, 3, 2, 5, 2, 2, 1, 2),
  (7, 4, 4, 3, 3, 0, 5, 0),
  (7, 5, 1, 5, 5, 2, 1, 4),
  (7, 6, 0, 4, 4, 1, 3, 5),
  (7, 7, 1, 1, 5, 5, 2, 2),
  (7, 8, 3, 1, 5, 5, 5, 5),
  (7, 9, 0, 2, 3, 5, 4, 5),
  (7, 10, 1, 5, 3, 1, 4, 1),
  (7, 11, 1, 4, 5, 1, 4, 0),
  (7, 12, 1, 4, 1, 4, 0, 3),
  (7, 13, 0, 1, 0, 1, 2, 3),
  (7, 14, 5, 1, 5, 5, 4, 4),
  (7, 15, 0, 4, 3, 3, 4, 0),
  (7, 16, 1, 2, 5, 4, 3, 2),
  (7, 17, 5, 2, 3, 4, 3, 5),
  (7, 18, 4, 2, 4, 2, 1, 0),
  (7, 19, 2, 2, 2, 2, 2, 1),
  (7, 20, 3, 1, 0, 4, 4, 2),
  (8, 1, 4, 2, 5, 3, 2, 0),
  (8, 2, 4, 2, 2, 4, 2, 5),
  (8, 3, 0, 5, 5, 5, 5, 2),
  (8, 4, 0, 2, 0, 1, 0, 4),
  (8, 5, 5, 4, 1, 2, 1, 0),
  (8, 6, 1, 2, 3, 2, 0, 3),
  (8, 7, 1, 4, 4, 2, 4, 5),
  (8, 8, 5, 0, 0, 0, 0, 0),
  (8, 9, 4, 3, 3, 3, 0, 2),
  (8, 10, 1, 0, 1, 1, 5, 0),
  (8, 11, 2, 4, 0, 4, 5, 4),
  (8, 12, 5, 5, 3, 5, 5, 1),
  (8, 13, 4, 0, 2, 4, 2, 5),
  (8, 14, 5, 1, 1, 5, 1, 3),
  (8, 15, 0, 2, 4, 0, 1, 2),
  (8, 16, 2, 4, 0, 4, 3, 5),
  (8, 17, 4, 1, 3, 5, 0, 5),
  (8, 18, 1, 0, 0, 2, 5, 5),
  (8, 19, 5, 1, 0, 4, 0, 5),
  (8, 20, 4, 4, 2, 1, 3, 5),
  (9, 1, 4, 0, 0, 4, 5, 4),
  (9, 2, 3, 3, 0, 2, 1, 2),
  (9, 3, 0, 5, 5, 3, 5, 5),
  (9, 4, 3, 0, 3, 1, 4, 3),
  (9, 5, 0, 5, 4, 0, 4, 0),
  (9, 6, 1, 4, 5, 3, 3, 4),
  (9, 7, 2, 3, 4, 0, 2, 0),
  (9, 8, 2, 1, 4, 5, 0, 4),
  (9, 9, 3, 0, 1, 1, 2, 3),
  (9, 10, 5, 0, 1, 1, 5, 3),
  (9, 11, 5, 2, 1, 5, 0, 3),
  (9, 12, 3, 0, 1, 2, 3, 4),
  (9, 13, 2, 4, 1, 0, 5, 3),
  (9, 14, 1, 4, 4, 1, 2, 0),
  (9, 15, 1, 3, 3, 4, 4, 5),
  (9, 16, 3, 3, 0, 1, 1, 1),
  (9, 17, 2, 3, 2, 2, 4, 3),
  (9, 18, 0, 0, 1, 1, 3, 2),
  (9, 19, 3, 0, 5, 1, 1, 2),
  (9, 20, 2, 0, 5, 5, 2, 5),
  (10, 1, 3, 4, 0, 3, 4, 3),
  (10, 2, 5, 0, 0, 5, 5, 3),
  (10, 3, 2, 0, 5, 3, 1, 5),
  (10, 4, 5, 3, 5, 3, 4, 5),
  (10, 5, 5, 5, 3, 1, 4, 1),
  (10, 6, 3, 2, 4, 3, 3, 3),
  (10, 7, 5, 1, 0, 0, 0, 1),
  (10, 8, 5, 4, 3, 1, 3, 0),
  (10, 9, 5, 4, 4, 0, 5, 2),
  (10, 10, 4, 1, 4, 5, 4, 0),
  (10, 11, 3, 3, 1, 0, 4, 1),
  (10, 12, 5, 3, 3, 5, 2, 2),
  (10, 13, 1, 1, 5, 2, 0, 1),
  (10, 14, 1, 4, 4, 5, 3, 3),
  (10, 15, 0, 2, 4, 0, 0, 2),
  (10, 16, 0, 4, 3, 2, 3, 2),
  (10, 17, 0, 1, 0, 5, 3, 2),
  (10, 18, 1, 2, 4, 0, 2, 0),
  (10, 19, 0, 0, 0, 4, 2, 4),
  (10, 20, 5, 2, 0, 4, 4, 1),
  (11, 1, 5, 1, 4, 1, 1, 3),
  (11, 2, 5, 1, 3, 1, 2, 0),
  (11, 3, 4, 5, 0, 3, 4, 4),
  (11, 4, 5, 3, 0, 4, 2, 3),
  (11, 5, 4, 4, 3, 2, 1, 4),
  (11, 6, 4, 2, 1, 4, 4, 5),
  (11, 7, 0, 5, 3, 2, 3, 0),
  (11, 8, 2, 3, 2, 1, 3, 4),
  (11, 9, 5, 2, 2, 3, 5, 1),
  (11, 10, 5, 5, 1, 5, 1, 4),
  (11, 11, 3, 2, 4, 3, 0, 1),
  (11, 12, 1, 1, 4, 0, 5, 0),
  (11, 13, 5, 3, 5, 4, 0, 2),
  (11, 14, 4, 5, 4, 3, 3, 3),
  (11, 15, 1, 0, 5, 2, 2, 0),
  (11, 16, 3, 2, 3, 3, 5, 0),
  (11, 17, 0, 3, 3, 2, 3, 1),
  (11, 18, 3, 4, 3, 2, 2, 1),
  (11, 19, 3, 5, 0, 4, 3, 1),
  (11, 20, 1, 5, 0, 4, 2, 3),
  (12, 1, 2, 0, 0, 0, 1, 3),
  (12, 2, 4, 5, 0, 1, 0, 3),
  (12, 3, 1, 1, 5, 4, 2, 2),
  (12, 4, 0, 0, 4, 0, 2, 1),
  (12, 5, 4, 0, 0, 0, 3, 1),
  (12, 6, 0, 4, 0, 1, 3, 1),
  (12, 7, 2, 1, 1, 3, 1, 5),
  (12, 8, 2, 2, 0, 2, 3, 1),
  (12, 9, 0, 4, 0, 3, 1, 2),
  (12, 10, 4, 1, 5, 1, 1, 2),
  (12, 11, 0, 3, 0, 3, 2, 5),
  (12, 12, 1, 5, 4, 4, 4, 0),
  (12, 13, 4, 1, 0, 2, 0, 4),
  (12, 14, 3, 3, 3, 1, 2, 5),
  (12, 15, 3, 4, 3, 4, 4, 3),
  (12, 16, 3, 3, 3, 4, 2, 3),
  (12, 17, 2, 2, 4, 5, 5, 5),
  (12, 18, 4, 1, 4, 1, 0, 4),
  (12, 19, 1, 3, 4, 5, 5, 1),
  (12, 20, 3, 5, 0, 0, 1, 0),
  (13, 1, 4, 0, 0, 2, 3, 2),
  (13, 2, 4, 1, 5, 0, 3, 5),
  (13, 3, 0, 2, 3, 3, 3, 0),
  (13, 4, 5, 4, 0, 3, 3, 2),
  (13, 5, 0, 5, 4, 1, 3, 4),
  (13, 6, 5, 5, 2, 4, 0, 4),
  (13, 7, 1, 1, 2, 1, 3, 1),
  (13, 8, 3, 1, 4, 4, 3, 3),
  (13, 9, 3, 5, 1, 1, 3, 3),
  (13, 10, 0, 3, 2, 4, 2, 1),
  (13, 11, 0, 3, 5, 0, 3, 0),
  (13, 12, 1, 0, 2, 2, 5, 3),
  (13, 13, 2, 2, 3, 0, 0, 2),
  (13, 14, 1, 1, 2, 2, 0, 2),
  (13, 15, 1, 5, 5, 1, 3, 4),
  (13, 16, 1, 1, 5, 5, 0, 2),
  (13, 17, 5, 4, 3, 5, 3, 3),
  (13, 18, 3, 4, 5, 4, 1, 4),
  (13, 19, 3, 5, 2, 5, 4, 3),
  (13, 20, 3, 4, 2, 4, 2, 4),
  (14, 1, 0, 1, 4, 2, 3, 4),
  (14, 2, 0, 2, 2, 3, 2, 3),
  (14, 3, 1, 1, 3, 0, 5, 0),
  (14, 4, 0, 4, 4, 1, 3, 4),
  (14, 5, 1, 5, 4, 5, 5, 3),
  (14, 6, 3, 3, 2, 5, 0, 3),
  (14, 7, 5, 4, 4, 0, 5, 3),
  (14, 8, 4, 0, 5, 0, 0, 4),
  (14, 9, 2, 1, 1, 4, 2, 0),
  (14, 10, 0, 4, 2, 0, 3, 2),
  (14, 11, 2, 1, 0, 3, 5, 4),
  (14, 12, 2, 5, 3, 0, 3, 5),
  (14, 13, 5, 1, 1, 3, 1, 1),
  (14, 14, 2, 4, 4, 1, 0, 0),
  (14, 15, 4, 2, 4, 3, 3, 1),
  (14, 16, 2, 3, 0, 0, 4, 5),
  (14, 17, 4, 5, 2, 3, 5, 3),
  (14, 18, 3, 4, 0, 0, 5, 1),
  (14, 19, 4, 4, 2, 4, 2, 1),
  (14, 20, 1, 1, 3, 0, 5, 5),
  (15, 1, 3, 1, 3, 2, 3, 1),
  (15, 2, 1, 4, 3, 4, 0, 4),
  (15, 3, 0, 0, 5, 1, 0, 4),
  (15, 4, 0, 5, 1, 3, 5, 1),
  (15, 5, 5, 4, 1, 0, 0, 5),
  (15, 6, 1, 2, 3, 5, 3, 3),
  (15, 7, 2, 3, 5, 3, 3, 0),
  (15, 8, 2, 0, 0, 4, 4, 3),
  (15, 9, 0, 5, 4, 1, 0, 0),
  (15, 10, 3, 0, 1, 4, 0, 2),
  (15, 11, 0, 0, 1, 5, 0, 1),
  (15, 12, 3, 1, 1, 5, 3, 5),
  (15, 13, 1, 3, 3, 3, 1, 0),
  (15, 14, 5, 0, 0, 1, 1, 5),
  (15, 15, 3, 0, 2, 2, 0, 3),
  (15, 16, 1, 5, 4, 1, 3, 4),
  (15, 17, 4, 2, 0, 3, 4, 0),
  (15, 18, 1, 3, 3, 0, 3, 5),
  (15, 19, 4, 3, 2, 2, 1, 0),
  (15, 20, 2, 2, 4, 5, 2, 1);

-- 5) Planet_battle_army
INSERT INTO `planet_battle_army` (planet_id, num_battle, light_hunter_built, light_hunter_destroyed, heavy_hunter_built, heavy_hunter_destroyed, battleship_built, battleship_destroyed, armored_ship_built, armored_ship_destroyed) VALUES
  (1, 1, 4, 8, 4, 5, 3, 0, 5, 1),
  (1, 2, 1, 2, 2, 4, 5, 3, 5, 0),
  (1, 3, 4, 6, 0, 8, 5, 1, 3, 1),
  (1, 4, 2, 2, 9, 8, 2, 4, 0, 3),
  (1, 5, 4, 9, 8, 7, 1, 1, 2, 4),
  (1, 6, 9, 0, 2, 4, 0, 0, 5, 2),
  (1, 7, 8, 5, 8, 0, 1, 5, 5, 1),
  (1, 8, 8, 6, 4, 6, 2, 1, 3, 3),
  (1, 9, 1, 4, 0, 4, 3, 4, 1, 5),
  (1, 10, 4, 9, 5, 8, 4, 1, 5, 5),
  (1, 11, 8, 9, 5, 4, 3, 4, 3, 5),
  (1, 12, 1, 10, 4, 6, 2, 1, 5, 0),
  (1, 13, 3, 9, 6, 0, 5, 4, 5, 3),
  (1, 14, 1, 8, 5, 6, 5, 4, 1, 1),
  (1, 15, 3, 4, 2, 0, 2, 3, 2, 5),
  (1, 16, 0, 8, 2, 3, 5, 3, 1, 0),
  (1, 17, 1, 9, 7, 4, 1, 5, 2, 4),
  (1, 18, 4, 6, 1, 6, 3, 0, 0, 2),
  (1, 19, 9, 5, 7, 8, 3, 5, 4, 3),
  (1, 20, 3, 10, 10, 2, 5, 5, 1, 5),
  (2, 1, 9, 8, 1, 4, 1, 4, 1, 0),
  (2, 2, 1, 9, 4, 3, 5, 1, 0, 3),
  (2, 3, 8, 7, 1, 3, 5, 1, 2, 1),
  (2, 4, 9, 10, 3, 5, 3, 2, 2, 0),
  (2, 5, 9, 5, 9, 10, 4, 5, 1, 3),
  (2, 6, 0, 2, 3, 9, 1, 3, 1, 2),
  (2, 7, 9, 10, 5, 3, 0, 3, 2, 4),
  (2, 8, 8, 3, 1, 4, 0, 3, 5, 2),
  (2, 9, 0, 2, 4, 1, 4, 3, 2, 1),
  (2, 10, 7, 8, 6, 3, 3, 4, 3, 4),
  (2, 11, 10, 5, 1, 1, 4, 3, 0, 4),
  (2, 12, 3, 1, 2, 3, 1, 0, 3, 5),
  (2, 13, 2, 5, 1, 5, 3, 5, 0, 1),
  (2, 14, 5, 8, 3, 6, 1, 1, 5, 0),
  (2, 15, 7, 5, 2, 8, 0, 5, 2, 2),
  (2, 16, 4, 9, 3, 5, 3, 0, 4, 2),
  (2, 17, 6, 10, 5, 10, 4, 0, 1, 4),
  (2, 18, 5, 6, 1, 5, 4, 5, 4, 3),
  (2, 19, 0, 4, 7, 7, 2, 3, 1, 0),
  (2, 20, 6, 10, 5, 2, 5, 0, 4, 5),
  (3, 1, 4, 1, 4, 6, 0, 1, 2, 5),
  (3, 2, 0, 2, 3, 7, 2, 3, 2, 2),
  (3, 3, 3, 6, 2, 4, 4, 1, 3, 3),
  (3, 4, 0, 7, 7, 10, 0, 1, 0, 0),
  (3, 5, 4, 9, 0, 3, 3, 0, 0, 4),
  (3, 6, 1, 4, 10, 8, 4, 3, 1, 3),
  (3, 7, 2, 7, 1, 6, 3, 1, 5, 2),
  (3, 8, 6, 10, 1, 3, 0, 3, 3, 5),
  (3, 9, 3, 4, 9, 5, 5, 0, 5, 2),
  (3, 10, 4, 5, 0, 5, 2, 4, 3, 4),
  (3, 11, 3, 10, 9, 8, 5, 1, 0, 3),
  (3, 12, 5, 4, 1, 6, 1, 1, 2, 2),
  (3, 13, 2, 10, 6, 3, 0, 3, 4, 0),
  (3, 14, 1, 3, 0, 3, 3, 5, 4, 1),
  (3, 15, 1, 0, 10, 10, 0, 1, 1, 1),
  (3, 16, 3, 7, 7, 0, 4, 5, 4, 5),
  (3, 17, 3, 5, 5, 6, 1, 5, 1, 2),
  (3, 18, 8, 7, 9, 5, 1, 2, 3, 4),
  (3, 19, 2, 8, 8, 8, 3, 4, 4, 4),
  (3, 20, 5, 8, 0, 7, 0, 2, 0, 5),
  (4, 1, 9, 4, 4, 5, 2, 2, 5, 4),
  (4, 2, 9, 8, 2, 2, 1, 1, 3, 4),
  (4, 3, 9, 9, 7, 0, 2, 5, 3, 3),
  (4, 4, 4, 3, 6, 0, 0, 0, 4, 0),
  (4, 5, 7, 10, 10, 6, 4, 3, 5, 5),
  (4, 6, 3, 9, 10, 6, 4, 3, 1, 3),
  (4, 7, 5, 5, 3, 0, 0, 3, 4, 1),
  (4, 8, 6, 4, 6, 1, 4, 3, 3, 2),
  (4, 9, 10, 8, 7, 3, 0, 1, 2, 4),
  (4, 10, 5, 6, 4, 9, 3, 4, 0, 5),
  (4, 11, 9, 6, 10, 1, 0, 1, 0, 0),
  (4, 12, 7, 8, 3, 6, 0, 1, 3, 4),
  (4, 13, 9, 7, 8, 7, 0, 3, 4, 4),
  (4, 14, 4, 6, 4, 3, 5, 0, 2, 0),
  (4, 15, 1, 9, 8, 1, 0, 1, 4, 0),
  (4, 16, 3, 6, 0, 8, 5, 4, 5, 3),
  (4, 17, 9, 4, 10, 7, 0, 1, 4, 3),
  (4, 18, 8, 0, 0, 6, 0, 3, 4, 1),
  (4, 19, 10, 1, 8, 7, 0, 3, 5, 5),
  (4, 20, 9, 3, 4, 1, 1, 3, 0, 4),
  (5, 1, 5, 3, 0, 5, 0, 5, 5, 3),
  (5, 2, 1, 0, 2, 9, 5, 2, 4, 1),
  (5, 3, 0, 2, 2, 4, 3, 0, 0, 2),
  (5, 4, 2, 1, 1, 8, 1, 1, 3, 0),
  (5, 5, 6, 0, 3, 3, 0, 1, 5, 5),
  (5, 6, 2, 3, 9, 3, 1, 5, 5, 5),
  (5, 7, 8, 0, 8, 10, 0, 1, 3, 1),
  (5, 8, 3, 5, 7, 2, 0, 5, 0, 3),
  (5, 9, 6, 9, 10, 1, 4, 5, 0, 3),
  (5, 10, 9, 2, 6, 3, 2, 2, 2, 4),
  (5, 11, 7, 8, 8, 7, 5, 0, 4, 4),
  (5, 12, 2, 10, 5, 7, 2, 3, 4, 2),
  (5, 13, 8, 7, 2, 1, 3, 4, 1, 3),
  (5, 14, 5, 8, 9, 7, 2, 4, 3, 4),
  (5, 15, 5, 0, 9, 4, 4, 2, 1, 5),
  (5, 16, 10, 0, 3, 9, 4, 3, 2, 2),
  (5, 17, 9, 5, 9, 2, 4, 1, 4, 5),
  (5, 18, 7, 9, 1, 3, 5, 1, 0, 5),
  (5, 19, 2, 7, 7, 7, 0, 0, 4, 2),
  (5, 20, 7, 7, 0, 0, 1, 5, 3, 5),
  (6, 1, 8, 6, 2, 8, 3, 0, 2, 2),
  (6, 2, 6, 1, 10, 9, 3, 5, 0, 3),
  (6, 3, 2, 4, 2, 2, 1, 3, 5, 5),
  (6, 4, 9, 5, 6, 6, 2, 4, 1, 4),
  (6, 5, 4, 0, 10, 0, 2, 5, 4, 3),
  (6, 6, 10, 4, 3, 3, 0, 3, 2, 1),
  (6, 7, 9, 4, 2, 4, 3, 3, 5, 3),
  (6, 8, 2, 6, 9, 6, 4, 1, 4, 3),
  (6, 9, 0, 9, 4, 8, 0, 1, 0, 1),
  (6, 10, 10, 5, 8, 2, 3, 3, 2, 4),
  (6, 11, 3, 9, 10, 3, 5, 5, 0, 0),
  (6, 12, 8, 2, 6, 2, 5, 0, 5, 0),
  (6, 13, 6, 0, 9, 10, 4, 0, 4, 1),
  (6, 14, 2, 4, 8, 10, 4, 1, 3, 4),
  (6, 15, 4, 3, 2, 2, 2, 1, 3, 1),
  (6, 16, 3, 4, 4, 2, 0, 1, 4, 5),
  (6, 17, 6, 0, 9, 7, 3, 3, 0, 0),
  (6, 18, 1, 10, 4, 1, 0, 0, 2, 2),
  (6, 19, 1, 8, 8, 3, 1, 3, 0, 3),
  (6, 20, 7, 8, 3, 9, 3, 1, 0, 3),
  (7, 1, 4, 9, 4, 6, 1, 2, 4, 4),
  (7, 2, 10, 10, 4, 2, 0, 2, 0, 0),
  (7, 3, 3, 8, 6, 6, 2, 3, 1, 3),
  (7, 4, 9, 1, 8, 2, 1, 2, 1, 3),
  (7, 5, 0, 10, 4, 10, 2, 2, 1, 4),
  (7, 6, 2, 7, 0, 0, 3, 0, 2, 0),
  (7, 7, 10, 9, 4, 8, 0, 1, 3, 2),
  (7, 8, 0, 9, 5, 4, 4, 3, 2, 5),
  (7, 9, 7, 2, 2, 3, 1, 5, 4, 1),
  (7, 10, 1, 0, 10, 1, 0, 3, 1, 1),
  (7, 11, 8, 2, 4, 10, 0, 2, 0, 3),
  (7, 12, 3, 6, 5, 7, 4, 0, 2, 2),
  (7, 13, 8, 9, 10, 8, 0, 3, 1, 5),
  (7, 14, 8, 3, 8, 9, 2, 4, 5, 2),
  (7, 15, 10, 2, 2, 2, 1, 1, 5, 5),
  (7, 16, 8, 2, 7, 3, 0, 0, 3, 4),
  (7, 17, 2, 5, 6, 8, 0, 1, 0, 4),
  (7, 18, 7, 10, 5, 5, 1, 4, 4, 4),
  (7, 19, 10, 2, 0, 0, 2, 4, 3, 2),
  (7, 20, 1, 1, 4, 2, 5, 3, 4, 5),
  (8, 1, 2, 2, 9, 7, 0, 3, 3, 4),
  (8, 2, 7, 10, 10, 10, 2, 3, 3, 2),
  (8, 3, 3, 3, 10, 7, 0, 2, 3, 5),
  (8, 4, 8, 6, 0, 4, 4, 0, 1, 2),
  (8, 5, 4, 3, 9, 8, 3, 1, 3, 4),
  (8, 6, 5, 5, 9, 2, 3, 1, 2, 2),
  (8, 7, 4, 8, 0, 9, 5, 3, 4, 1),
  (8, 8, 1, 0, 7, 7, 3, 3, 1, 3),
  (8, 9, 1, 7, 7, 2, 5, 1, 1, 5),
  (8, 10, 9, 10, 6, 10, 3, 5, 2, 3),
  (8, 11, 5, 4, 0, 8, 1, 2, 5, 2),
  (8, 12, 2, 0, 0, 5, 1, 1, 5, 2),
  (8, 13, 5, 9, 7, 9, 3, 4, 1, 0),
  (8, 14, 10, 9, 9, 5, 3, 3, 5, 5),
  (8, 15, 6, 4, 7, 1, 2, 5, 1, 3),
  (8, 16, 0, 4, 4, 9, 4, 3, 3, 0),
  (8, 17, 2, 2, 8, 8, 2, 3, 4, 3),
  (8, 18, 6, 7, 0, 2, 2, 4, 0, 4),
  (8, 19, 4, 5, 0, 1, 0, 0, 4, 2),
  (8, 20, 10, 8, 7, 6, 5, 4, 3, 1),
  (9, 1, 0, 5, 4, 2, 3, 4, 2, 5),
  (9, 2, 9, 5, 8, 7, 0, 2, 1, 3),
  (9, 3, 3, 7, 9, 6, 4, 2, 4, 5),
  (9, 4, 2, 2, 9, 8, 5, 0, 3, 5),
  (9, 5, 1, 7, 2, 1, 5, 1, 0, 2),
  (9, 6, 7, 10, 9, 6, 5, 4, 0, 0),
  (9, 7, 8, 3, 10, 1, 4, 2, 4, 0),
  (9, 8, 5, 7, 9, 0, 0, 5, 0, 1),
  (9, 9, 7, 9, 8, 3, 4, 2, 1, 0),
  (9, 10, 9, 9, 8, 5, 5, 1, 0, 1),
  (9, 11, 7, 6, 4, 2, 1, 0, 0, 1),
  (9, 12, 4, 7, 3, 10, 3, 3, 2, 1),
  (9, 13, 4, 8, 2, 9, 0, 0, 3, 5),
  (9, 14, 8, 8, 5, 6, 4, 4, 3, 5),
  (9, 15, 1, 0, 4, 3, 4, 3, 3, 3),
  (9, 16, 10, 1, 9, 0, 5, 4, 5, 2),
  (9, 17, 10, 3, 3, 3, 5, 3, 5, 5),
  (9, 18, 8, 3, 8, 1, 0, 4, 3, 2),
  (9, 19, 10, 1, 0, 6, 5, 5, 5, 4),
  (9, 20, 2, 8, 1, 8, 5, 4, 5, 0),
  (10, 1, 0, 3, 1, 1, 0, 1, 2, 3),
  (10, 2, 8, 8, 5, 9, 3, 4, 1, 2),
  (10, 3, 8, 5, 9, 5, 1, 2, 0, 3),
  (10, 4, 3, 3, 4, 0, 1, 4, 1, 2),
  (10, 5, 7, 4, 10, 6, 1, 4, 1, 3),
  (10, 6, 1, 9, 3, 8, 0, 3, 3, 5),
  (10, 7, 0, 8, 5, 0, 0, 3, 4, 3),
  (10, 8, 5, 2, 1, 5, 5, 1, 5, 0),
  (10, 9, 4, 4, 1, 10, 5, 0, 3, 5),
  (10, 10, 2, 9, 3, 2, 0, 1, 1, 2),
  (10, 11, 3, 5, 7, 3, 2, 2, 3, 2),
  (10, 12, 7, 2, 8, 9, 5, 4, 1, 4),
  (10, 13, 8, 6, 2, 5, 4, 4, 3, 1),
  (10, 14, 0, 8, 6, 0, 4, 0, 4, 4),
  (10, 15, 5, 0, 9, 9, 2, 0, 5, 2),
  (10, 16, 2, 4, 10, 6, 1, 1, 2, 4),
  (10, 17, 3, 2, 6, 4, 5, 2, 5, 1),
  (10, 18, 1, 4, 4, 10, 5, 0, 5, 0),
  (10, 19, 7, 10, 3, 6, 5, 5, 5, 5),
  (10, 20, 7, 1, 2, 10, 5, 0, 1, 1),
  (11, 1, 3, 8, 1, 3, 5, 5, 0, 2),
  (11, 2, 6, 8, 0, 8, 4, 3, 1, 0),
  (11, 3, 0, 10, 3, 7, 4, 5, 0, 5),
  (11, 4, 1, 8, 6, 9, 2, 2, 0, 3),
  (11, 5, 5, 7, 6, 2, 2, 4, 3, 3),
  (11, 6, 10, 9, 1, 9, 5, 3, 4, 2),
  (11, 7, 9, 10, 8, 3, 1, 4, 4, 2),
  (11, 8, 4, 6, 3, 9, 4, 1, 0, 3),
  (11, 9, 2, 8, 4, 9, 1, 0, 4, 3),
  (11, 10, 4, 7, 7, 9, 4, 3, 2, 3),
  (11, 11, 8, 8, 5, 8, 4, 4, 1, 3),
  (11, 12, 10, 6, 7, 4, 0, 0, 2, 1),
  (11, 13, 4, 6, 0, 5, 0, 2, 2, 2),
  (11, 14, 10, 7, 10, 7, 2, 4, 2, 3),
  (11, 15, 6, 10, 0, 2, 3, 3, 5, 1),
  (11, 16, 2, 6, 10, 1, 0, 5, 5, 2),
  (11, 17, 0, 6, 6, 8, 1, 1, 3, 1),
  (11, 18, 3, 9, 6, 4, 3, 0, 0, 1),
  (11, 19, 1, 6, 9, 6, 3, 1, 3, 5),
  (11, 20, 3, 7, 4, 0, 2, 1, 4, 1),
  (12, 1, 1, 5, 2, 0, 2, 4, 2, 3),
  (12, 2, 10, 0, 8, 9, 3, 2, 2, 3),
  (12, 3, 9, 9, 9, 1, 0, 3, 0, 0),
  (12, 4, 3, 4, 1, 8, 0, 2, 4, 4),
  (12, 5, 1, 2, 8, 6, 3, 3, 2, 5),
  (12, 6, 5, 5, 10, 2, 2, 1, 1, 5),
  (12, 7, 2, 5, 2, 0, 3, 4, 4, 0),
  (12, 8, 9, 4, 8, 3, 4, 2, 4, 5),
  (12, 9, 5, 8, 2, 9, 5, 1, 4, 3),
  (12, 10, 0, 1, 1, 1, 5, 2, 4, 4),
  (12, 11, 5, 7, 2, 8, 2, 4, 3, 1),
  (12, 12, 7, 8, 5, 2, 5, 5, 3, 3),
  (12, 13, 9, 2, 2, 2, 3, 3, 5, 5),
  (12, 14, 2, 2, 2, 10, 4, 5, 1, 1),
  (12, 15, 0, 3, 6, 6, 2, 3, 5, 5),
  (12, 16, 0, 6, 7, 2, 0, 0, 0, 0),
  (12, 17, 1, 6, 9, 7, 0, 2, 1, 4),
  (12, 18, 9, 0, 3, 10, 5, 3, 0, 0),
  (12, 19, 2, 8, 6, 8, 1, 1, 3, 2),
  (12, 20, 6, 4, 6, 10, 1, 3, 2, 2),
  (13, 1, 3, 3, 3, 6, 1, 0, 3, 5),
  (13, 2, 7, 3, 0, 5, 2, 2, 5, 0),
  (13, 3, 7, 5, 0, 4, 1, 2, 2, 0),
  (13, 4, 5, 1, 9, 2, 5, 2, 4, 1),
  (13, 5, 1, 8, 5, 0, 0, 1, 5, 4),
  (13, 6, 4, 5, 7, 9, 5, 5, 0, 5),
  (13, 7, 3, 10, 2, 3, 4, 5, 1, 1),
  (13, 8, 7, 8, 9, 7, 0, 0, 4, 0),
  (13, 9, 8, 0, 9, 8, 1, 0, 3, 2),
  (13, 10, 5, 5, 6, 10, 4, 5, 1, 0),
  (13, 11, 6, 3, 3, 5, 0, 1, 5, 5),
  (13, 12, 5, 6, 4, 7, 1, 4, 5, 3),
  (13, 13, 6, 9, 10, 0, 4, 5, 1, 0),
  (13, 14, 6, 3, 10, 1, 4, 1, 4, 1),
  (13, 15, 5, 3, 9, 0, 1, 0, 5, 1),
  (13, 16, 3, 0, 1, 0, 5, 5, 1, 2),
  (13, 17, 1, 0, 5, 3, 3, 2, 4, 3),
  (13, 18, 3, 3, 5, 8, 4, 3, 0, 0),
  (13, 19, 8, 8, 3, 5, 5, 0, 1, 0),
  (13, 20, 6, 3, 3, 1, 5, 2, 4, 3),
  (14, 1, 5, 8, 1, 5, 2, 2, 5, 4),
  (14, 2, 8, 9, 8, 6, 4, 2, 5, 5),
  (14, 3, 6, 2, 0, 3, 0, 4, 5, 0),
  (14, 4, 6, 7, 6, 5, 1, 1, 5, 4),
  (14, 5, 1, 2, 2, 0, 3, 3, 2, 1),
  (14, 6, 4, 3, 1, 9, 3, 3, 1, 3),
  (14, 7, 6, 5, 10, 9, 4, 0, 5, 5),
  (14, 8, 7, 0, 3, 9, 5, 2, 4, 4),
  (14, 9, 0, 5, 8, 0, 0, 4, 5, 2),
  (14, 10, 6, 3, 10, 3, 0, 5, 1, 5),
  (14, 11, 1, 2, 6, 1, 2, 5, 1, 1),
  (14, 12, 4, 7, 4, 1, 5, 2, 4, 5),
  (14, 13, 9, 2, 2, 5, 1, 1, 3, 2),
  (14, 14, 2, 9, 1, 9, 1, 0, 1, 0),
  (14, 15, 3, 1, 5, 7, 5, 0, 5, 0),
  (14, 16, 4, 0, 2, 8, 3, 1, 3, 0),
  (14, 17, 1, 8, 7, 1, 3, 0, 5, 2),
  (14, 18, 8, 2, 2, 5, 2, 4, 5, 4),
  (14, 19, 9, 3, 8, 7, 1, 3, 3, 0),
  (14, 20, 4, 10, 5, 0, 4, 2, 2, 3),
  (15, 1, 9, 6, 4, 9, 3, 4, 3, 5),
  (15, 2, 8, 3, 6, 6, 5, 3, 1, 5),
  (15, 3, 3, 7, 2, 5, 2, 1, 1, 1),
  (15, 4, 5, 4, 8, 2, 1, 2, 2, 2),
  (15, 5, 3, 3, 7, 10, 4, 1, 3, 5),
  (15, 6, 3, 3, 1, 2, 3, 4, 3, 0),
  (15, 7, 2, 7, 5, 8, 5, 5, 4, 5),
  (15, 8, 3, 0, 8, 9, 3, 4, 4, 3),
  (15, 9, 7, 6, 5, 2, 1, 3, 1, 4),
  (15, 10, 2, 0, 0, 10, 4, 2, 0, 0),
  (15, 11, 1, 3, 8, 9, 4, 5, 2, 5),
  (15, 12, 2, 6, 4, 4, 0, 3, 1, 4),
  (15, 13, 8, 0, 9, 2, 3, 0, 2, 3),
  (15, 14, 5, 4, 3, 1, 1, 0, 5, 4),
  (15, 15, 6, 8, 8, 3, 1, 0, 0, 2),
  (15, 16, 0, 2, 7, 2, 2, 5, 2, 0),
  (15, 17, 1, 7, 6, 2, 2, 0, 3, 1),
  (15, 18, 1, 6, 3, 4, 1, 4, 4, 2),
  (15, 19, 10, 0, 5, 3, 0, 0, 2, 3),
  (15, 20, 2, 0, 3, 5, 5, 2, 0, 1);

-- 6) Enemy_army
INSERT INTO `enemy_army` (planet_id, num_battle, light_hunter_threat, light_hunter_destroyed, heavy_hunter_threat, heavy_hunter_destroyed, battleship_threat, battleship_destroyed, armored_ship_threat, armored_ship_destroyed) VALUES
  (1, 1, 9, 2, 10, 7, 2, 1, 2, 5),
  (1, 2, 0, 6, 3, 2, 0, 2, 3, 0),
  (1, 3, 2, 5, 2, 9, 4, 2, 5, 1),
  (1, 4, 8, 8, 2, 4, 5, 1, 5, 4),
  (1, 5, 10, 5, 1, 7, 5, 2, 1, 2),
  (1, 6, 2, 0, 7, 10, 1, 5, 0, 0),
  (1, 7, 10, 4, 2, 7, 5, 0, 0, 0),
  (1, 8, 7, 7, 10, 0, 1, 3, 0, 2),
  (1, 9, 4, 4, 6, 9, 5, 2, 5, 1),
  (1, 10, 1, 7, 3, 6, 5, 2, 3, 1),
  (1, 11, 3, 1, 0, 7, 4, 1, 3, 4),
  (1, 12, 10, 7, 1, 7, 4, 0, 0, 2),
  (1, 13, 1, 6, 7, 9, 2, 5, 5, 2),
  (1, 14, 2, 3, 5, 9, 3, 3, 3, 4),
  (1, 15, 1, 5, 2, 2, 1, 5, 5, 5),
  (1, 16, 6, 4, 0, 4, 5, 5, 4, 0),
  (1, 17, 4, 1, 8, 10, 2, 0, 2, 0),
  (1, 18, 2, 3, 0, 10, 4, 3, 1, 4),
  (1, 19, 8, 6, 0, 2, 4, 0, 2, 3),
  (1, 20, 4, 1, 2, 8, 4, 0, 4, 0),
  (2, 1, 2, 2, 4, 3, 5, 5, 1, 0),
  (2, 2, 1, 4, 2, 7, 3, 1, 0, 3),
  (2, 3, 3, 7, 3, 0, 0, 5, 5, 4),
  (2, 4, 1, 7, 0, 5, 5, 0, 3, 3),
  (2, 5, 1, 7, 1, 4, 5, 4, 2, 1),
  (2, 6, 2, 6, 6, 6, 4, 5, 5, 1),
  (2, 7, 10, 4, 5, 1, 3, 3, 0, 1),
  (2, 8, 5, 3, 8, 7, 4, 1, 2, 2),
  (2, 9, 6, 7, 9, 8, 3, 0, 1, 5),
  (2, 10, 2, 4, 9, 3, 5, 3, 0, 0),
  (2, 11, 5, 8, 2, 9, 3, 0, 4, 5),
  (2, 12, 8, 8, 5, 3, 4, 4, 2, 2),
  (2, 13, 0, 6, 8, 8, 2, 4, 1, 0),
  (2, 14, 4, 2, 10, 5, 3, 5, 0, 4),
  (2, 15, 5, 6, 6, 0, 5, 5, 4, 0),
  (2, 16, 6, 1, 4, 6, 2, 5, 5, 0),
  (2, 17, 8, 8, 0, 6, 5, 0, 2, 2),
  (2, 18, 2, 0, 4, 4, 0, 5, 3, 5),
  (2, 19, 2, 5, 3, 2, 1, 5, 0, 3),
  (2, 20, 2, 5, 1, 4, 0, 1, 5, 1),
  (3, 1, 2, 5, 9, 0, 2, 4, 1, 4),
  (3, 2, 5, 2, 4, 1, 5, 4, 2, 2),
  (3, 3, 5, 9, 1, 4, 0, 3, 4, 3),
  (3, 4, 7, 0, 7, 5, 0, 5, 3, 4),
  (3, 5, 1, 3, 6, 4, 0, 4, 2, 2),
  (3, 6, 7, 10, 3, 4, 0, 1, 1, 3),
  (3, 7, 2, 7, 7, 4, 4, 2, 0, 5),
  (3, 8, 5, 10, 4, 3, 1, 5, 1, 0),
  (3, 9, 6, 10, 6, 10, 5, 5, 1, 0),
  (3, 10, 10, 4, 1, 9, 1, 0, 3, 0),
  (3, 11, 10, 1, 4, 7, 3, 5, 5, 1),
  (3, 12, 5, 10, 2, 10, 0, 4, 3, 2),
  (3, 13, 4, 8, 8, 8, 4, 1, 2, 4),
  (3, 14, 10, 9, 5, 7, 3, 3, 4, 2),
  (3, 15, 0, 9, 10, 6, 2, 4, 0, 1),
  (3, 16, 8, 7, 9, 8, 3, 5, 2, 4),
  (3, 17, 4, 9, 3, 7, 3, 4, 0, 0),
  (3, 18, 7, 3, 2, 1, 3, 2, 4, 5),
  (3, 19, 6, 4, 2, 4, 3, 5, 4, 1),
  (3, 20, 8, 8, 10, 5, 4, 1, 2, 2),
  (4, 1, 3, 7, 0, 10, 3, 2, 3, 0),
  (4, 2, 7, 6, 3, 4, 2, 2, 3, 4),
  (4, 3, 5, 9, 8, 4, 5, 0, 2, 5),
  (4, 4, 3, 0, 2, 3, 4, 5, 3, 5),
  (4, 5, 3, 4, 3, 8, 5, 4, 2, 0),
  (4, 6, 5, 7, 2, 0, 2, 1, 0, 4),
  (4, 7, 3, 6, 5, 2, 4, 1, 5, 0),
  (4, 8, 6, 1, 6, 5, 4, 1, 5, 1),
  (4, 9, 4, 6, 7, 10, 4, 5, 2, 3),
  (4, 10, 3, 9, 7, 3, 0, 2, 5, 0),
  (4, 11, 3, 5, 9, 1, 5, 2, 5, 4),
  (4, 12, 9, 1, 1, 0, 3, 4, 4, 2),
  (4, 13, 3, 2, 10, 8, 4, 5, 3, 5),
  (4, 14, 6, 7, 5, 1, 1, 4, 5, 4),
  (4, 15, 6, 3, 9, 8, 1, 0, 2, 0),
  (4, 16, 7, 7, 7, 5, 2, 2, 5, 1),
  (4, 17, 7, 7, 9, 10, 4, 5, 3, 3),
  (4, 18, 8, 5, 3, 5, 3, 4, 1, 0),
  (4, 19, 9, 3, 8, 4, 1, 1, 0, 5),
  (4, 20, 8, 8, 6, 7, 5, 5, 2, 1),
  (5, 1, 3, 4, 4, 6, 2, 1, 1, 1),
  (5, 2, 3, 5, 8, 1, 0, 4, 1, 5),
  (5, 3, 0, 7, 0, 6, 5, 1, 4, 5),
  (5, 4, 3, 2, 6, 1, 4, 4, 0, 3),
  (5, 5, 8, 2, 8, 0, 2, 5, 5, 4),
  (5, 6, 2, 3, 9, 8, 3, 4, 5, 4),
  (5, 7, 8, 0, 3, 10, 4, 4, 3, 1),
  (5, 8, 2, 8, 6, 6, 4, 3, 5, 4),
  (5, 9, 4, 5, 5, 9, 2, 2, 4, 0),
  (5, 10, 9, 2, 0, 7, 0, 1, 5, 1),
  (5, 11, 3, 5, 0, 3, 0, 2, 4, 1),
  (5, 12, 0, 7, 2, 8, 4, 2, 1, 4),
  (5, 13, 8, 3, 10, 7, 5, 3, 0, 4),
  (5, 14, 1, 5, 5, 5, 2, 1, 5, 0),
  (5, 15, 6, 0, 3, 4, 2, 1, 2, 1),
  (5, 16, 4, 1, 9, 8, 4, 1, 3, 2),
  (5, 17, 8, 6, 9, 9, 5, 3, 2, 2),
  (5, 18, 1, 1, 0, 9, 5, 5, 2, 1),
  (5, 19, 2, 5, 5, 9, 5, 4, 3, 0),
  (5, 20, 4, 8, 5, 2, 5, 2, 5, 1),
  (6, 1, 4, 4, 6, 4, 4, 0, 3, 0),
  (6, 2, 3, 9, 2, 0, 5, 2, 4, 2),
  (6, 3, 3, 2, 3, 9, 5, 5, 1, 4),
  (6, 4, 4, 0, 8, 8, 5, 1, 1, 1),
  (6, 5, 0, 0, 10, 0, 4, 1, 1, 5),
  (6, 6, 0, 6, 3, 5, 2, 3, 3, 5),
  (6, 7, 2, 6, 4, 2, 3, 1, 5, 2),
  (6, 8, 4, 3, 7, 7, 0, 5, 2, 0),
  (6, 9, 8, 0, 8, 3, 0, 0, 2, 2),
  (6, 10, 1, 9, 7, 1, 0, 5, 3, 2),
  (6, 11, 7, 1, 1, 0, 4, 5, 0, 2),
  (6, 12, 2, 5, 5, 9, 3, 0, 0, 2),
  (6, 13, 4, 1, 2, 1, 2, 3, 4, 5),
  (6, 14, 4, 4, 5, 10, 0, 2, 1, 4),
  (6, 15, 3, 1, 7, 4, 5, 1, 2, 2),
  (6, 16, 7, 0, 7, 10, 2, 1, 3, 3),
  (6, 17, 3, 1, 8, 10, 4, 2, 3, 1),
  (6, 18, 1, 10, 1, 4, 3, 3, 5, 2),
  (6, 19, 9, 4, 9, 6, 4, 0, 4, 4),
  (6, 20, 8, 8, 9, 7, 1, 4, 4, 4),
  (7, 1, 9, 0, 8, 8, 1, 0, 1, 0),
  (7, 2, 7, 1, 8, 2, 1, 0, 3, 4),
  (7, 3, 0, 10, 6, 0, 1, 1, 3, 4),
  (7, 4, 0, 7, 3, 8, 3, 0, 2, 0),
  (7, 5, 9, 3, 5, 9, 2, 3, 2, 0),
  (7, 6, 5, 9, 9, 4, 0, 3, 2, 1),
  (7, 7, 2, 4, 0, 5, 3, 4, 2, 3),
  (7, 8, 7, 2, 3, 0, 0, 0, 0, 3),
  (7, 9, 8, 7, 4, 5, 4, 4, 4, 5),
  (7, 10, 8, 8, 0, 7, 1, 3, 0, 4),
  (7, 11, 10, 2, 5, 5, 5, 2, 5, 5),
  (7, 12, 0, 3, 9, 8, 1, 5, 5, 0),
  (7, 13, 3, 3, 6, 0, 4, 0, 0, 0),
  (7, 14, 8, 9, 6, 0, 1, 5, 3, 2),
  (7, 15, 10, 1, 9, 6, 1, 1, 3, 0),
  (7, 16, 9, 6, 6, 8, 2, 5, 4, 0),
  (7, 17, 3, 8, 8, 3, 2, 3, 3, 2),
  (7, 18, 2, 7, 9, 3, 5, 4, 5, 3),
  (7, 19, 0, 2, 10, 1, 4, 4, 4, 1),
  (7, 20, 0, 7, 5, 5, 1, 1, 0, 1),
  (8, 1, 5, 10, 2, 9, 4, 2, 0, 3),
  (8, 2, 10, 9, 5, 4, 5, 1, 3, 2),
  (8, 3, 10, 2, 1, 3, 0, 2, 2, 3),
  (8, 4, 2, 2, 5, 7, 0, 4, 1, 5),
  (8, 5, 6, 9, 1, 1, 2, 1, 0, 4),
  (8, 6, 4, 2, 8, 1, 5, 2, 3, 5),
  (8, 7, 4, 5, 9, 1, 5, 1, 0, 0),
  (8, 8, 2, 3, 6, 4, 0, 3, 1, 4),
  (8, 9, 8, 8, 3, 3, 5, 1, 0, 2),
  (8, 10, 7, 4, 9, 3, 3, 0, 1, 1),
  (8, 11, 10, 8, 6, 5, 5, 1, 2, 0),
  (8, 12, 1, 6, 8, 2, 2, 4, 2, 0),
  (8, 13, 6, 10, 9, 10, 0, 4, 3, 4),
  (8, 14, 10, 2, 5, 8, 4, 2, 1, 0),
  (8, 15, 8, 2, 6, 4, 2, 4, 5, 4),
  (8, 16, 1, 4, 0, 0, 4, 0, 2, 0),
  (8, 17, 3, 0, 4, 8, 3, 1, 3, 0),
  (8, 18, 8, 0, 10, 6, 3, 1, 5, 2),
  (8, 19, 10, 2, 2, 1, 3, 4, 4, 2),
  (8, 20, 8, 3, 9, 10, 2, 4, 3, 5),
  (9, 1, 5, 1, 1, 3, 4, 5, 5, 2),
  (9, 2, 2, 9, 8, 6, 3, 3, 3, 0),
  (9, 3, 9, 6, 4, 10, 5, 2, 0, 2),
  (9, 4, 2, 6, 5, 8, 3, 4, 5, 2),
  (9, 5, 1, 10, 8, 1, 5, 3, 0, 4),
  (9, 6, 10, 0, 6, 6, 0, 3, 2, 2),
  (9, 7, 6, 5, 7, 4, 1, 0, 2, 3),
  (9, 8, 8, 6, 8, 8, 5, 1, 2, 0),
  (9, 9, 4, 0, 3, 7, 5, 3, 4, 0),
  (9, 10, 5, 5, 7, 8, 5, 0, 0, 5),
  (9, 11, 8, 7, 4, 0, 2, 2, 3, 1),
  (9, 12, 2, 1, 3, 0, 2, 0, 2, 3),
  (9, 13, 0, 0, 1, 6, 4, 4, 0, 4),
  (9, 14, 6, 0, 6, 3, 3, 0, 3, 1),
  (9, 15, 6, 6, 4, 5, 3, 0, 2, 3),
  (9, 16, 10, 5, 3, 7, 2, 4, 1, 1),
  (9, 17, 1, 5, 1, 8, 0, 5, 1, 0),
  (9, 18, 9, 9, 4, 2, 3, 5, 5, 4),
  (9, 19, 8, 3, 8, 7, 3, 2, 4, 5),
  (9, 20, 4, 9, 5, 7, 4, 1, 4, 5),
  (10, 1, 7, 4, 3, 0, 3, 3, 2, 2),
  (10, 2, 3, 1, 2, 3, 0, 4, 2, 0),
  (10, 3, 8, 4, 6, 9, 1, 3, 1, 0),
  (10, 4, 2, 9, 4, 8, 1, 1, 3, 0),
  (10, 5, 0, 7, 5, 10, 5, 1, 3, 0),
  (10, 6, 10, 10, 6, 0, 0, 0, 1, 4),
  (10, 7, 9, 9, 7, 0, 4, 2, 0, 1),
  (10, 8, 0, 3, 10, 4, 1, 5, 2, 4),
  (10, 9, 0, 0, 9, 10, 0, 1, 2, 5),
  (10, 10, 6, 7, 9, 10, 2, 4, 5, 2),
  (10, 11, 3, 1, 2, 9, 2, 2, 5, 0),
  (10, 12, 1, 7, 4, 0, 0, 4, 4, 3),
  (10, 13, 8, 3, 2, 3, 2, 2, 5, 4),
  (10, 14, 10, 2, 2, 5, 0, 1, 5, 3),
  (10, 15, 5, 3, 1, 1, 1, 0, 5, 5),
  (10, 16, 9, 7, 6, 6, 3, 4, 5, 4),
  (10, 17, 3, 1, 5, 5, 5, 2, 0, 4),
  (10, 18, 8, 9, 7, 7, 0, 3, 2, 2),
  (10, 19, 10, 4, 3, 4, 5, 5, 2, 4),
  (10, 20, 1, 10, 1, 3, 0, 0, 1, 0),
  (11, 1, 3, 6, 6, 0, 1, 5, 1, 4),
  (11, 2, 7, 0, 5, 10, 1, 4, 5, 5),
  (11, 3, 8, 1, 10, 7, 5, 1, 3, 1),
  (11, 4, 0, 5, 2, 6, 4, 2, 5, 1),
  (11, 5, 10, 10, 2, 8, 1, 2, 1, 4),
  (11, 6, 10, 4, 2, 10, 1, 1, 4, 1),
  (11, 7, 5, 2, 3, 8, 1, 3, 2, 2),
  (11, 8, 10, 2, 2, 9, 3, 0, 2, 4),
  (11, 9, 10, 6, 3, 1, 2, 5, 1, 1),
  (11, 10, 6, 8, 0, 1, 4, 1, 1, 2),
  (11, 11, 10, 9, 7, 7, 2, 5, 0, 2),
  (11, 12, 8, 3, 3, 4, 2, 0, 5, 5),
  (11, 13, 2, 10, 6, 2, 2, 4, 3, 1),
  (11, 14, 9, 1, 10, 6, 2, 1, 3, 0),
  (11, 15, 8, 6, 3, 2, 3, 0, 5, 0),
  (11, 16, 5, 8, 10, 0, 4, 5, 3, 1),
  (11, 17, 2, 9, 4, 6, 0, 3, 4, 2),
  (11, 18, 3, 3, 0, 8, 5, 2, 2, 1),
  (11, 19, 0, 2, 4, 1, 2, 1, 2, 1),
  (11, 20, 9, 9, 6, 6, 1, 1, 4, 5),
  (12, 1, 8, 6, 6, 10, 2, 5, 1, 2),
  (12, 2, 2, 1, 8, 1, 0, 0, 4, 5),
  (12, 3, 2, 8, 1, 5, 0, 4, 1, 0),
  (12, 4, 1, 8, 1, 7, 1, 5, 0, 0),
  (12, 5, 2, 3, 5, 7, 1, 3, 3, 2),
  (12, 6, 9, 6, 9, 3, 0, 1, 2, 2),
  (12, 7, 3, 2, 0, 3, 3, 3, 5, 4),
  (12, 8, 2, 1, 9, 4, 2, 1, 2, 0),
  (12, 9, 6, 3, 4, 4, 2, 2, 1, 0),
  (12, 10, 9, 1, 7, 2, 4, 4, 1, 5),
  (12, 11, 1, 2, 10, 1, 5, 5, 4, 1),
  (12, 12, 0, 10, 9, 8, 4, 1, 2, 4),
  (12, 13, 1, 9, 10, 7, 5, 3, 3, 5),
  (12, 14, 7, 7, 6, 5, 0, 5, 2, 4),
  (12, 15, 9, 5, 10, 2, 1, 0, 5, 4),
  (12, 16, 7, 2, 6, 2, 5, 2, 0, 0),
  (12, 17, 4, 7, 9, 9, 4, 3, 0, 5),
  (12, 18, 2, 10, 3, 2, 2, 4, 0, 2),
  (12, 19, 8, 9, 2, 1, 0, 2, 1, 0),
  (12, 20, 8, 9, 7, 2, 0, 4, 4, 1),
  (13, 1, 3, 2, 8, 8, 5, 2, 3, 3),
  (13, 2, 3, 3, 0, 10, 0, 4, 1, 2),
  (13, 3, 8, 9, 0, 9, 4, 4, 1, 2),
  (13, 4, 2, 8, 8, 4, 4, 5, 4, 4),
  (13, 5, 3, 2, 6, 3, 3, 2, 0, 0),
  (13, 6, 2, 4, 5, 6, 5, 2, 3, 5),
  (13, 7, 9, 10, 4, 1, 4, 3, 1, 0),
  (13, 8, 2, 5, 7, 8, 3, 1, 5, 3),
  (13, 9, 2, 0, 2, 5, 2, 1, 5, 3),
  (13, 10, 0, 3, 2, 3, 1, 1, 0, 2),
  (13, 11, 2, 10, 6, 8, 5, 1, 2, 3),
  (13, 12, 8, 4, 3, 4, 5, 5, 4, 1),
  (13, 13, 9, 7, 9, 5, 1, 0, 2, 4),
  (13, 14, 3, 4, 3, 6, 3, 0, 5, 2),
  (13, 15, 2, 5, 2, 2, 4, 5, 3, 2),
  (13, 16, 1, 8, 5, 2, 5, 4, 4, 2),
  (13, 17, 3, 6, 4, 1, 4, 4, 3, 1),
  (13, 18, 1, 2, 10, 7, 1, 2, 2, 5),
  (13, 19, 9, 8, 0, 7, 5, 3, 5, 1),
  (13, 20, 4, 6, 4, 2, 1, 5, 1, 2),
  (14, 1, 5, 0, 1, 8, 5, 4, 4, 0),
  (14, 2, 10, 6, 4, 4, 5, 1, 3, 0),
  (14, 3, 8, 7, 9, 4, 0, 1, 3, 2),
  (14, 4, 7, 2, 0, 0, 1, 4, 1, 5),
  (14, 5, 6, 2, 2, 7, 0, 5, 4, 5),
  (14, 6, 9, 8, 8, 3, 0, 5, 2, 3),
  (14, 7, 1, 4, 1, 1, 4, 1, 0, 0),
  (14, 8, 0, 6, 4, 5, 3, 5, 1, 4),
  (14, 9, 10, 7, 9, 7, 0, 4, 2, 3),
  (14, 10, 3, 8, 8, 10, 1, 2, 5, 2),
  (14, 11, 7, 0, 8, 1, 0, 0, 5, 0),
  (14, 12, 7, 1, 2, 7, 3, 4, 1, 4),
  (14, 13, 4, 8, 8, 10, 0, 3, 1, 3),
  (14, 14, 0, 3, 6, 6, 4, 1, 3, 0),
  (14, 15, 2, 2, 7, 6, 0, 1, 4, 5),
  (14, 16, 7, 1, 4, 7, 2, 5, 2, 5),
  (14, 17, 7, 7, 7, 8, 3, 2, 2, 3),
  (14, 18, 8, 3, 1, 8, 4, 2, 4, 4),
  (14, 19, 1, 1, 4, 1, 3, 3, 4, 4),
  (14, 20, 8, 2, 6, 2, 1, 5, 4, 4),
  (15, 1, 3, 5, 10, 3, 0, 2, 5, 2),
  (15, 2, 3, 10, 0, 10, 4, 4, 2, 1),
  (15, 3, 3, 1, 6, 2, 5, 5, 5, 3),
  (15, 4, 0, 3, 4, 7, 2, 1, 2, 1),
  (15, 5, 4, 8, 4, 7, 1, 2, 5, 0),
  (15, 6, 5, 2, 9, 2, 5, 2, 4, 2),
  (15, 7, 0, 3, 7, 0, 4, 1, 0, 2),
  (15, 8, 3, 10, 2, 7, 5, 3, 0, 1),
  (15, 9, 9, 9, 10, 9, 2, 3, 5, 2),
  (15, 10, 5, 8, 4, 8, 5, 5, 0, 2),
  (15, 11, 9, 2, 8, 1, 0, 4, 2, 5),
  (15, 12, 5, 3, 3, 6, 1, 1, 5, 1),
  (15, 13, 8, 6, 2, 3, 3, 2, 4, 0),
  (15, 14, 1, 1, 10, 8, 0, 2, 5, 0),
  (15, 15, 8, 10, 0, 6, 0, 5, 1, 0),
  (15, 16, 5, 8, 10, 5, 5, 0, 4, 0),
  (15, 17, 1, 2, 6, 2, 4, 4, 1, 0),
  (15, 18, 1, 1, 0, 2, 4, 1, 1, 1),
  (15, 19, 9, 7, 4, 9, 3, 1, 4, 2),
  (15, 20, 0, 6, 4, 10, 1, 3, 4, 5);


